CREATE TABLE departments (department_id int,department_name tinytext,manager_id int,location_id int);
INSERT INTO departments VALUES (10,'Administration',200,1700),(20,'Marketing',201,1800),(30,'Purchasing',114,1700),(40,'Human Resources',203,2400),(50,'Shipping',121,1500),(60,'IT',103,1400),(70,'Public Relations',204,2700),(80,'Sales',145,2500),(90,'Executive',100,1700),(100,'Finance',108,1700),(110,'Accounting',205,1700),(120,'Treasury',NULL,1700),(130,'Corporate Tax',NULL,1700),(140,'Control And Credit',NULL,1700),(150,'Shareholder Services',NULL,1700),(160,'Benefits',NULL,1700),(170,'Manufacturing',NULL,1700),(180,'Construction',NULL,1700),(190,'Contracting',NULL,1700),(200,'Operations',NULL,1700),(210,'IT Support',NULL,1700),(220,'NOC',NULL,1700),(230,'IT Helpdesk',NULL,1700),(240,'Government Sales',NULL,1700),(250,'Retail Sales',NULL,1700),(260,'Recruiting',NULL,1700),(270,'Payroll',NULL,1700);
CREATE TABLE employees (employee_id int,first_name tinytext,last_name tinytext,email tinytext,phone_number tinytext,hire_date date,job_Id int,department_id int,salary int,commission_pct decimal(3,2),manager_id int);
INSERT INTO employees VALUES (100,'Steven','King','SKING','515.123.4567','2003-06-17',1,90,24000,NULL,NULL),(101,'Neena','Kochhar','NKOCHHAR','515.123.4568','2005-09-21',2,90,17000,NULL,100),(102,'Lex','De Haan','LDEHAAN','515.123.4569','2001-01-13',2,90,17000,NULL,100),(103,'Alexander','Hunold','AHUNOLD','590.423.4567','2006-01-03',15,60,9000,NULL,102),(104,'Bruce','Ernst','BERNST','590.423.4568','2007-05-21',15,60,6000,NULL,103),(105,'David','Austin','DAUSTIN','590.423.4569','2005-06-25',15,60,4800,NULL,103),(106,'Valli','Pataballa','VPATABAL','590.423.4560','2006-02-05',15,60,4800,NULL,103),(107,'Diana','Lorentz','DLORENTZ','590.423.5567','2007-02-07',15,60,4200,NULL,103),(108,'Nancy','Greenberg','NGREENBE','515.124.4569','2002-08-17',4,100,12008,NULL,101),(109,'Daniel','Faviet','DFAVIET','515.124.4169','2002-08-16',5,100,9000,NULL,108),(110,'John','Chen','JCHEN','515.124.4269','2005-09-28',5,100,8200,NULL,108),(111,'Ismael','Sciarra','ISCIARRA','515.124.4369','2005-09-30',5,100,7700,NULL,108),(112,'Jose Manuel','Urman','JMURMAN','515.124.4469','2006-03-07',5,100,7800,NULL,108),(113,'Luis','Popp','LPOPP','515.124.4567','2007-12-07',5,100,6900,NULL,108),(114,'Den','Raphaely','DRAPHEAL','515.127.4561','2002-12-07',10,30,11000,NULL,100),(115,'Alexander','Khoo','AKHOO','515.127.4562','2003-05-18',11,30,3100,NULL,114),(116,'Shelli','Baida','SBAIDA','515.127.4563','2005-12-24',11,30,2900,NULL,114),(117,'Sigal','Tobias','STOBIAS','515.127.4564','2005-07-24',11,30,2800,NULL,114),(118,'Guy','Himuro','GHIMURO','515.127.4565','2006-11-15',11,30,2600,NULL,114),(119,'Karen','Colmenares','KCOLMENA','515.127.4566','2007-08-10',11,30,2500,NULL,114),(120,'Matthew','Weiss','MWEISS','650.123.1234','2004-07-18',12,50,8000,NULL,100),(121,'Adam','Fripp','AFRIPP','650.123.2234','2005-04-10',12,50,8200,NULL,100),(122,'Payam','Kaufling','PKAUFLIN','650.123.3234','2003-05-01',12,50,7900,NULL,100),(123,'Shanta','Vollman','SVOLLMAN','650.123.4234','2005-10-10',12,50,6500,NULL,100),(124,'Kevin','Mourgos','KMOURGOS','650.123.5234','2007-11-16',12,50,5800,NULL,100),(125,'Julia','Nayer','JNAYER','650.124.1214','2005-07-16',13,50,3200,NULL,120),(126,'Irene','Mikkilineni','IMIKKILI','650.124.1224','2006-09-28',13,50,2700,NULL,120),(127,'James','Landry','JLANDRY','650.124.1334','2007-01-14',13,50,2400,NULL,120),(128,'Steven','Markle','SMARKLE','650.124.1434','2008-03-08',13,50,2200,NULL,120),(129,'Laura','Bissot','LBISSOT','650.124.5234','2005-08-20',13,50,3300,NULL,121),(130,'Mozhe','Atkinson','MATKINSO','650.124.6234','2005-10-30',13,50,2800,NULL,121),(131,'James','Marlow','JAMRLOW','650.124.7234','2005-02-16',13,50,2500,NULL,121),(132,'TJ','Olson','TJOLSON','650.124.8234','2007-04-10',13,50,2100,NULL,121),(133,'Jason','Mallin','JMALLIN','650.127.1934','2004-06-14',13,50,3300,NULL,122),(134,'Michael','Rogers','MROGERS','650.127.1834','2006-08-26',13,50,2900,NULL,122),(135,'Ki','Gee','KGEE','650.127.1734','2007-12-12',13,50,2400,NULL,122),(136,'Hazel','Philtanker','HPHILTAN','650.127.1634','2008-02-06',13,50,2200,NULL,122),(137,'Renske','Ladwig','RLADWIG','650.121.1234','2003-07-14',13,50,3600,NULL,123),(138,'Stephen','Stiles','SSTILES','650.121.2034','2005-10-26',13,50,3200,NULL,123),(139,'John','Seo','JSEO','650.121.2019','2006-02-12',13,50,2700,NULL,123),(140,'Joshua','Patel','JPATEL','650.121.1834','2006-04-06',13,50,2500,NULL,123),(141,'Trenna','Rajs','TRAJS','650.121.8009','2003-10-17',13,50,3500,NULL,124),(142,'Curtis','Davies','CDAVIES','650.121.2994','2005-01-29',13,50,3100,NULL,124),(143,'Randall','Matos','RMATOS','650.121.2874','2006-03-15',13,50,2600,NULL,124),(144,'Peter','Vargas','PVARGAS','650.121.2004','2006-07-09',13,50,2500,NULL,124),(145,'John','Russell','JRUSSEL','011.44.1344.429268','2004-10-01',8,80,14000,0.40,100),(146,'Karen','Partners','KPARTNER','011.44.1344.467268','2005-01-05',8,80,13500,0.30,100),(147,'Alberto','Errazuriz','AERRAZUR','011.44.1344.429278','2005-03-10',8,80,12000,0.30,100),(148,'Gerald','Cambrault','GCAMBRAU','011.44.1344.619268','2007-10-15',8,80,11000,0.30,100),(149,'Eleni','Zlotkey','EZLOTKEY','011.44.1344.429018','2008-01-29',8,80,10500,0.20,100),(150,'Peter','Tucker','PTUCKER','011.44.1344.129268','2005-01-30',9,80,10000,0.30,145),(151,'David','Bernstein','DBERNSTE','011.44.1344.345268','2005-03-24',9,80,9500,0.25,145),(152,'Peter','Hall','PHALL','011.44.1344.478968','2005-08-20',9,80,9000,0.25,145),(153,'Christopher','Olsen','COLSEN','011.44.1344.498718','2006-03-30',9,80,8000,0.20,145),(154,'Nanette','Cambrault','NCAMBRAU','011.44.1344.987668','2006-12-09',9,80,7500,0.20,145),(155,'Oliver','Tuvault','OTUVAULT','011.44.1344.486508','2007-11-23',9,80,7000,0.15,145),(156,'Janette','King','JKING','011.44.1345.429268','2004-01-30',9,80,10000,0.35,146),(157,'Patrick','Sully','PSULLY','011.44.1345.929268','2004-03-04',9,80,9500,0.35,146),(158,'Allan','McEwen','AMCEWEN','011.44.1345.829268','2004-08-01',9,80,9000,0.35,146),(159,'Lindsey','Smith','LSMITH','011.44.1345.729268','2005-03-10',9,80,8000,0.30,146),(160,'Louise','Doran','LDORAN','011.44.1345.629268','2005-12-15',9,80,7500,0.30,146),(161,'Sarath','Sewall','SSEWALL','011.44.1345.529268','2006-11-03',9,80,7000,0.25,146),(162,'Clara','Vishney','CVISHNEY','011.44.1346.129268','2005-11-11',9,80,10500,0.25,147),(163,'Danielle','Greene','DGREENE','011.44.1346.229268','2007-03-19',9,80,9500,0.15,147),(164,'Mattea','Marvins','MMARVINS','011.44.1346.329268','2008-01-24',9,80,7200,0.10,147),(165,'David','Lee','DLEE','011.44.1346.529268','2008-02-23',9,80,6800,0.10,147),(166,'Sundar','Ande','SANDE','011.44.1346.629268','2008-03-24',9,80,6400,0.10,147),(167,'Amit','Banda','ABANDA','011.44.1346.729268','2008-04-21',9,80,6200,0.10,147),(168,'Lisa','Ozer','LOZER','011.44.1343.929268','2005-03-11',9,80,11500,0.25,148),(169,'Harrison','Bloom','HBLOOM','011.44.1343.829268','2006-03-23',9,80,10000,0.20,148),(170,'Tayler','Fox','TFOX','011.44.1343.729268','2006-01-24',9,80,9600,0.20,148),(171,'William','Smith','WSMITH','011.44.1343.629268','2007-02-23',9,80,7400,0.15,148),(172,'Elizabeth','Bates','EBATES','011.44.1343.529268','2007-03-24',9,80,7300,0.15,148),(173,'Sundita','Kumar','SKUMAR','011.44.1343.329268','2008-04-21',9,80,6100,0.10,148),(174,'Ellen','Abel','EABEL','011.44.1644.429267','2004-05-11',9,80,11000,0.30,149),(175,'Alyssa','Hutton','AHUTTON','011.44.1644.429266','2005-03-19',9,80,8800,0.25,149),(176,'Jonathon','Taylor','JTAYLOR','011.44.1644.429265','2006-03-24',9,80,8600,0.20,149),(177,'Jack','Livingston','JLIVINGS','011.44.1644.429264','2006-04-23',9,80,8400,0.20,149),(178,'Kimberely','Grant','KGRANT','011.44.1644.429263','2007-05-24',9,NULL,7000,0.15,149),(179,'Charles','Johnson','CJOHNSON','011.44.1644.429262','2008-01-04',9,80,6200,0.10,149),(180,'Winston','Taylor','WTAYLOR','650.507.9876','2006-01-24',14,50,3200,NULL,120),(181,'Jean','Fleaur','JFLEAUR','650.507.9877','2006-02-23',14,50,3100,NULL,120),(182,'Martha','Sullivan','MSULLIVA','650.507.9878','2007-06-21',14,50,2500,NULL,120),(183,'Girard','Geoni','GGEONI','650.507.9879','2008-02-03',14,50,2800,NULL,120),(184,'Nandita','Sarchand','NSARCHAN','650.509.1876','2004-01-27',14,50,4200,NULL,121),(185,'Alexis','Bull','ABULL','650.509.2876','2005-02-20',14,50,4100,NULL,121),(186,'Julia','Dellinger','JDELLING','650.509.3876','2006-06-24',14,50,3400,NULL,121),(187,'Anthony','Cabrio','ACABRIO','650.509.4876','2007-02-07',14,50,3000,NULL,121),(188,'Kelly','Chung','KCHUNG','650.505.1876','2005-06-14',14,50,3800,NULL,122),(189,'Jennifer','Dilly','JDILLY','650.505.2876','2005-08-13',14,50,3600,NULL,122),(190,'Timothy','Gates','TGATES','650.505.3876','2006-07-11',14,50,2900,NULL,122),(191,'Randall','Perkins','RPERKINS','650.505.4876','2007-12-19',14,50,2500,NULL,122),(192,'Sarah','Bell','SBELL','650.501.1876','2004-02-04',14,50,4000,NULL,123),(193,'Britney','Everett','BEVERETT','650.501.2876','2005-03-03',14,50,3900,NULL,123),(194,'Samuel','McCain','SMCCAIN','650.501.3876','2006-07-01',14,50,3200,NULL,123),(195,'Vance','Jones','VJONES','650.501.4876','2007-03-17',14,50,2800,NULL,123),(196,'Alana','Walsh','AWALSH','650.507.9811','2006-04-24',14,50,3100,NULL,124),(197,'Kevin','Feeney','KFEENEY','650.507.9822','2006-05-23',14,50,3000,NULL,124),(198,'Donald','OConnell','DOCONNEL','650.507.9833','2007-06-21',14,50,2600,NULL,124),(199,'Douglas','Grant','DGRANT','650.507.9844','2008-01-13',14,50,2600,NULL,124),(200,'Jennifer','Whalen','JWHALEN','515.123.4444','2003-09-17',3,10,4400,NULL,101),(201,'Michael','Hartstein','MHARTSTE','515.123.5555','2004-02-17',16,20,13000,NULL,100),(202,'Pat','Fay','PFAY','603.123.6666','2005-08-17',17,20,6000,NULL,201),(203,'Susan','Mavris','SMAVRIS','515.123.7777','2002-06-07',18,40,6500,NULL,101),(204,'Hermann','Baer','HBAER','515.123.8888','2002-06-07',19,70,10000,NULL,101),(205,'Shelley','Higgins','SHIGGINS','515.123.8080','2002-06-07',6,110,12008,NULL,101),(206,'William','Gietz','WGIETZ','515.123.8181','2002-06-07',7,110,8300,NULL,205);
CREATE TABLE jobs (job_id int,job_title tinytext,min_salary int,max_salary int);
INSERT INTO jobs VALUES (1,'President',20080,40000),(2,'Administration Vice President',15000,30000),(3,'Administration Assistant',3000,6000),(4,'Finance Manager',8200,16000),(5,'Accountant',4200,9000),(6,'Accounting Manager',8200,16000),(7,'Public Accountant',4200,9000),(8,'Sales Manager',10000,20080),(9,'Sales Representative',6000,12008),(10,'Purchasing Manager',8000,15000),(11,'Purchasing Clerk',2500,5500),(12,'Stock Manager',5500,8500),(13,'Stock Clerk',2008,5000),(14,'Shipping Clerk',2500,5500),(15,'Programmer',4000,10000),(16,'Marketing Manager',9000,15000),(17,'Marketing Representative',4000,9000),(18,'Human Resources Representative',4000,9000),(19,'Public Relations Representative',4500,10500);
CREATE TABLE locations (location_id int,street tinytext,postcode tinytext,city tinytext,state tinytext,country tinytext);
INSERT INTO locations VALUES (1000,'1297 Via Cola di Rie','00989','Roma',NULL,'Italy'),(1100,'93091 Calle della Testa','10934','Venice',NULL,'Italy'),(1200,'2017 Shinjuku-ku','1689','Tokyo','Tokyo Prefecture','Japan'),(1300,'9450 Kamiya-cho','6823','Hiroshima',NULL,'Japan'),(1400,'2014 Jabberwocky Rd','26192','Southlake','Texas','USA'),(1500,'2011 Interiors Blvd','99236','South San Francisco','California','USA'),(1600,'2007 Zagora St','50090','South Brunswick','New Jersey','USA'),(1700,'2004 Charade Rd','98199','Seattle','Washington','USA'),(1800,'147 Spadina Ave','M5V 2L7','Toronto','Ontario','Canada'),(1900,'6092 Boxwood St','YSW 9T2','Whitehorse','Yukon','Canada'),(2000,'40-5-12 Laogianggen','190518','Beijing',NULL,'China'),(2100,'1298 Vileparle (E)','490231','Bombay','Maharashtra','India'),(2200,'12-98 Victoria Street','2901','Sydney','New South Wales','Australia'),(2300,'198 Clementi North','540198','Singapore',NULL,'Singapore'),(2400,'8204 Arthur St',NULL,'London',NULL,'UK'),(2500,'Magdalen Centre, The Oxford Science Park','OX9 9ZB','Oxford','Oxford','UK'),(2600,'9702 Chester Road','09629850293','Stretford','Manchester','UK'),(2700,'Schwanthalerstr. 7031','80925','Munich','Bavaria','Germany'),(2800,'Rua Frei Caneca 1360 ','01307-002','Sao Paulo','Sao Paulo','Brazil'),(2900,'20 Rue des Corps-Saints','1730','Geneva','Geneve','Switzerland'),(3000,'Murtenstrasse 921','3095','Bern','BE','Switzerland'),(3100,'Pieter Breughelstraat 837','3029SK','Utrecht','Utrecht','Netherlands'),(3200,'Mariano Escobedo 9991','11932','Mexico City','Distrito Federal,','Mexico');
