CREATE TABLE BookAuthors (ISBN text,PersonId int);
INSERT INTO BookAuthors VALUES ('0132149871',21),('0299282519',21),('0401140733',22),('1059831198',26),('1059831198',21),('1915762492',30),('1915762492',31),('2147428890',31),('2491748320',28),('2491748320',33),('2491748320',32),('3437212490',28),('3957136468',23),('4981341710',25),('8117949391',32),('8843172113',23),('8843172113',27),('8843172113',29),('9247381001',30),('9959789321',22);
CREATE TABLE Books (ISBN tinytext,Title tinytext,PublicationDate date,PublisherId int,Cost decimal(5,2),Retail decimal(5,2),Category tinytext);
INSERT INTO Books VALUES ('1059831198','BODYBUILD IN 10 MINUTES A DAY','2021-01-05',4,18.75,30.95,'FITNESS'),('401140733','REVENGE OF MICKEY','2014-12-05',1,14.20,22.00,'FAMILY LIFE'),('4981341710','BUILDING A CAR WITH TOOTHPICKS','2018-03-06',2,37.80,59.95,'CHILDREN'),('8843172113','DATABASE IMPLEMENTATION','0004-06-03',3,31.40,55.95,'COMPUTER'),('3437212490','COOKING WITH MUSHROOMS','2028-02-04',4,12.50,19.95,'COOKING'),('3957136468','HOLY GRAIL OF ORACLE','2031-12-05',3,47.25,75.95,'COMPUTER'),('1915762492','HANDCRANKED COMPUTERS','2021-01-05',3,21.80,25.00,'COMPUTER'),('9959789321','E-BUSINESS THE EASY WAY','0001-03-06',2,37.90,54.50,'COMPUTER'),('2491748320','PAINLESS CHILD-REARING','2017-07-04',5,48.00,89.95,'FAMILY LIFE'),('299282519','THE WOK WAY TO COOK','2011-09-04',4,19.00,28.75,'COOKING'),('8117949391','BIG BEAR AND LITTLE DOVE','0008-11-05',5,5.32,8.95,'CHILDREN'),('132149871','HOW TO GET FASTER PIZZA','2011-11-06',4,17.85,29.95,'SELF HELP'),('9247381001','HOW TO MANAGE THE MANAGER','0009-05-03',1,15.40,31.95,'BUSINESS'),('2147428890','SHORTEST POEMS','0001-05-05',5,21.85,39.95,'LITERATURE');
CREATE TABLE OrderItems (OrderId int,ItemNumber int,ISBN tinytext,Quantity int,PaidEach decimal(5,2));
INSERT INTO OrderItems VALUES (1000,1,'3437212490',1,19.95),(1001,1,'9247381001',1,31.95),(1001,2,'2491748320',1,85.45),(1002,1,'8843172113',2,55.95),(1003,1,'8843172113',1,55.95),(1003,2,'1059831198',1,30.95),(1003,3,'3437212490',1,19.95),(1004,1,'2491748320',2,85.45),(1005,1,'2147428890',1,39.95),(1006,1,'9959789321',1,54.50),(1007,1,'3957136468',3,72.15),(1007,2,'9959789321',1,54.50),(1007,3,'8117949391',1,8.95),(1007,4,'8843172113',1,55.95),(1008,1,'3437212490',2,19.95),(1009,1,'3437212490',1,19.95),(1009,2,'401140733',1,22.00),(1010,1,'8843172113',1,55.95),(1011,1,'2491748320',1,85.45),(1012,1,'8117949391',1,8.95),(1012,2,'1915762492',2,25.00),(1012,3,'2491748320',1,85.45),(1012,4,'401140733',1,22.00),(1013,1,'8843172113',1,55.95),(1014,1,'401140733',2,22.00),(1015,1,'3437212490',1,19.95),(1016,1,'2491748320',1,85.45),(1017,1,'8117949391',2,8.95),(1018,1,'3437212490',1,19.95),(1018,2,'8843172113',1,55.95),(1019,1,'401140733',1,22.00),(1020,1,'3437212490',1,19.95);
CREATE TABLE Orders (OrderId int,PersonId int,OrderDate date,ShipDate date,ShipStreet tinytext,ShipCity tinytext,ShipState tinytext,ShipPostcode tinytext);
INSERT INTO Orders VALUES (1000,5,'2009-03-31','2009-04-02','1201 ORANGE AVE','SEATTLE','WA','98114'),(1001,10,'2009-03-31','2009-04-01','114 EAST SAVANNAH','ATLANTA','GA','30314'),(1002,11,'2009-03-31','2009-04-01','58 TILA CIRCLE','CHICAGO','IL','60605'),(1003,1,'2009-04-01','2009-04-01','958 MAGNOLIA LANE','EASTPOINT','FL','32328'),(1004,20,'2009-04-01','2009-04-05','561 ROUNDABOUT WAY','TRENTON','NJ','8601'),(1005,18,'2009-04-01','2009-04-02','1008 GRAND AVENUE','MACON','GA','31206'),(1006,3,'2009-04-01','2009-04-02','558A CAPITOL HWY.','TALLAHASSEE','FL','32307'),(1007,7,'2009-04-02','2009-04-04','9153 MAIN STREET','AUSTIN','TX','78710'),(1008,4,'2009-04-02','2009-04-03','69821 SOUTH AVENUE','BOISE','ID','83707'),(1009,5,'2009-04-03','2009-04-05','9 LIGHTENING RD.','SEATTLE','WA','98110'),(1010,19,'2009-04-03','2009-04-04','384 WRONG WAY HOME','MORRISTOWN','NJ','7960'),(1011,10,'2009-04-03','2009-04-05','102 WEST LAFAYETTE','ATLANTA','GA','30311'),(1012,17,'2009-04-03',NULL,'1295 WINDY AVENUE','KALMAZOO','MI','49002'),(1013,14,'2009-04-03','2009-04-04','7618 MOUNTAIN RD.','CODY','WY','82414'),(1014,7,'2009-04-04','2009-04-05','9153 MAIN STREET','AUSTIN','TX','78710'),(1015,20,'2009-04-04',NULL,'557 GLITTER ST.','TRENTON','NJ','8606'),(1016,3,'2009-04-04',NULL,'9901 SEMINOLE WAY','TALLAHASSEE','FL','32307'),(1017,15,'2009-04-04','2009-04-05','887 HOT ASPHALT ST','MIAMI','FL','33112'),(1018,1,'2009-04-05',NULL,'95812 HIGHWAY 98','EASTPOINT','FL','32328'),(1019,18,'2009-04-05',NULL,'1008 GRAND AVENUE','MACON','GA','31206'),(1020,8,'2009-04-05',NULL,'195 JAMISON LANE','CHEYENNE','WY','82003');
CREATE TABLE People (PersonId int,FirstName tinytext,LastName tinytext,Street tinytext,City tinytext,State tinytext,Postcode tinytext,Region tinytext);
INSERT INTO People VALUES (1,'BONITA','MORALES','P.O. BOX 651','EASTPOINT','FL','32328','SE'),(2,'RYAN','THOMPSON','P.O. BOX 9835','SANTA MONICA','CA','90404','W '),(3,'LEILA','SMITH','P.O. BOX 66','TALLAHASSEE','FL','32306','SE'),(4,'THOMAS','PIERSON','69821 SOUTH AVENUE','BOISE','ID','83707','NW'),(5,'CINDY','GIRARD','P.O. BOX 851','SEATTLE','WA','98115','NW'),(6,'MESHIA','CRUZ','82 DIRT ROAD','ALBANY','NY','12211','NE'),(7,'TAMMY','GIANA','9153 MAIN STREET','AUSTIN','TX','78710','SW'),(8,'KENNETH','JONES','P.O. BOX 137','CHEYENNE','WY','82003','N '),(9,'JORGE','PEREZ','P.O. BOX 8564','BURBANK','CA','91510','W '),(10,'JAKE','LUCAS','114 EAST SAVANNAH','ATLANTA','GA','30314','SE'),(11,'REESE','MCGOVERN','P.O. BOX 18','CHICAGO','IL','60606','N '),(12,'WILLIAM','MCKENZIE','P.O. BOX 971','BOSTON','MA','2110','NE'),(13,'NICHOLAS','NGUYEN','357 WHITE EAGLE AVE.','CLERMONT','FL','34711','SE'),(14,'JASMINE','LEE','P.O. BOX 2947','CODY','WY','82414','N '),(15,'STEVE','SCHELL','P.O. BOX 677','MIAMI','FL','33111','SE'),(16,'MICHELL','DAUM','9851231 LONG ROAD','BURBANK','CA','91508','W '),(17,'BECCA','NELSON','P.O. BOX 563','KALMAZOO','MI','49006','N '),(18,'GREG','MONTIASA','1008 GRAND AVENUE','MACON','GA','31206','SE'),(19,'JENNIFER','SMITH','P.O. BOX 1151','MORRISTOWN','NJ','7962','NE'),(20,'KENNETH','FALAH','P.O. BOX 335','TRENTON','NJ','8607','NE'),(21,'SAM','SMITH',NULL,NULL,NULL,NULL,NULL),(22,'JANICE','JONES',NULL,NULL,NULL,NULL,NULL),(23,'JAMES','AUSTIN',NULL,NULL,NULL,NULL,NULL),(24,'SHEILA','MARTINEZ',NULL,NULL,NULL,NULL,NULL),(25,'TAMARA','KZOCHSKY',NULL,NULL,NULL,NULL,NULL),(26,'LISA','PORTER',NULL,NULL,NULL,NULL,NULL),(27,'JUAN','ADAMS',NULL,NULL,NULL,NULL,NULL),(28,'JACK','BAKER',NULL,NULL,NULL,NULL,NULL),(29,'TINA','PETERSON',NULL,NULL,NULL,NULL,NULL),(30,'WILLIAM','WHITE',NULL,NULL,NULL,NULL,NULL),(31,'LISA','WHITE',NULL,NULL,NULL,NULL,NULL),(32,'ROBERT','ROBINSON',NULL,NULL,NULL,NULL,NULL),(33,'OSCAR','FIELDS',NULL,NULL,NULL,NULL,NULL),(34,'ANTHONY','WILKINSON',NULL,NULL,NULL,NULL,NULL);
CREATE TABLE Publishers (PublisherId int,`Name` tinytext,Contact tinytext,Phone tinytext);
INSERT INTO Publishers VALUES (1,'PRINTING IS US','TOMMIE SEYMOUR','000-714-8321'),(2,'PUBLISH OUR WAY','JANE TOMLIN','010-410-0010'),(3,'AMERICAN PUBLISHING','DAVID DAVIDSON','800-555-1211'),(4,'READING MATERIALS INC.','RENEE SMITH','800-555-9743'),(5,'REED-N-RITE','SEBASTIAN JONES','800-555-8284');

