1,1,2,,2014-05-13T00:00:00.000
2,1,2,,2014-05-13T00:00:00.000
3,3,2,,2014-05-13T00:00:00.000
5,3,2,,2014-05-13T00:00:00.000
6,1,2,,2014-05-13T00:00:00.000
7,4,2,,2014-05-13T00:00:00.000
9,2,3,,2014-05-13T00:00:00.000
10,2,2,,2014-05-14T00:00:00.000
11,4,2,,2014-05-14T00:00:00.000
12,2,3,,2014-05-14T00:00:00.000
13,4,2,,2014-05-14T00:00:00.000
14,3,2,,2014-05-14T00:00:00.000
15,2,3,,2014-05-14T00:00:00.000
16,2,3,,2014-05-14T00:00:00.000
17,5,2,,2014-05-14T00:00:00.000
18,5,2,,2014-05-14T00:00:00.000
19,7,2,,2014-05-14T00:00:00.000
20,1,2,,2014-05-14T00:00:00.000
21,6,2,,2014-05-14T00:00:00.000
22,3,3,,2014-05-14T00:00:00.000
23,5,2,,2014-05-14T00:00:00.000
24,2,3,,2014-05-14T00:00:00.000
25,2,15,,2014-05-14T00:00:00.000
26,2,3,,2014-05-14T00:00:00.000
27,5,2,,2014-05-14T00:00:00.000
28,4,2,,2014-05-14T00:00:00.000
29,6,3,,2014-05-14T00:00:00.000
30,8,2,,2014-05-14T00:00:00.000
31,9,2,,2014-05-14T00:00:00.000
32,10,2,,2014-05-14T00:00:00.000
34,10,2,,2014-05-14T00:00:00.000
39,5,5,54,2014-05-14T00:00:00.000
40,7,2,,2014-05-14T00:00:00.000
41,2,3,,2014-05-14T00:00:00.000
42,7,3,,2014-05-14T00:00:00.000
43,3,2,,2014-05-14T00:00:00.000
44,1,2,,2014-05-14T00:00:00.000
45,4,2,,2014-05-14T00:00:00.000
46,8,10,,2014-05-14T00:00:00.000
47,12,3,,2014-05-14T00:00:00.000
48,11,3,,2014-05-14T00:00:00.000
49,7,3,,2014-05-14T00:00:00.000
50,11,3,,2014-05-14T00:00:00.000
51,12,3,,2014-05-14T00:00:00.000
52,12,3,,2014-05-14T00:00:00.000
53,11,3,,2014-05-14T00:00:00.000
54,14,2,,2014-05-14T00:00:00.000
55,12,3,,2014-05-14T00:00:00.000
56,14,2,,2014-05-14T00:00:00.000
57,15,3,,2014-05-14T00:00:00.000
58,12,3,,2014-05-14T00:00:00.000
59,14,3,,2014-05-14T00:00:00.000
60,4,2,,2014-05-14T00:00:00.000
61,3,2,,2014-05-14T00:00:00.000
62,1,2,,2014-05-14T00:00:00.000
63,4,2,,2014-05-14T00:00:00.000
64,16,2,,2014-05-14T00:00:00.000
65,3,2,,2014-05-14T00:00:00.000
66,5,2,,2014-05-14T00:00:00.000
67,7,2,,2014-05-14T00:00:00.000
68,1,2,,2014-05-14T00:00:00.000
69,11,3,,2014-05-14T00:00:00.000
70,10,1,,2014-05-14T00:00:00.000
71,5,2,,2014-05-14T00:00:00.000
72,1,2,,2014-05-14T00:00:00.000
73,3,2,,2014-05-14T00:00:00.000
74,16,2,,2014-05-14T00:00:00.000
75,16,2,,2014-05-14T00:00:00.000
76,6,2,,2014-05-14T00:00:00.000
77,9,2,,2014-05-14T00:00:00.000
78,3,2,,2014-05-14T00:00:00.000
79,14,2,,2014-05-14T00:00:00.000
80,4,2,,2014-05-14T00:00:00.000
81,1,5,96,2014-05-14T00:00:00.000
82,2,3,,2014-05-14T00:00:00.000
83,19,2,,2014-05-14T00:00:00.000
84,20,2,,2014-05-14T00:00:00.000
85,22,2,,2014-05-14T00:00:00.000
86,22,2,,2014-05-14T00:00:00.000
87,22,2,,2014-05-14T00:00:00.000
88,4,2,,2014-05-14T00:00:00.000
89,2,3,,2014-05-14T00:00:00.000
90,24,2,,2014-05-14T00:00:00.000
91,22,5,97,2014-05-14T00:00:00.000
92,24,2,,2014-05-14T00:00:00.000
93,2,2,,2014-05-14T00:00:00.000
94,24,2,,2014-05-14T00:00:00.000
95,22,2,,2014-05-14T00:00:00.000
96,10,2,,2014-05-14T00:00:00.000
97,21,2,,2014-05-14T00:00:00.000
98,10,2,,2014-05-14T00:00:00.000
99,7,5,111,2014-05-14T00:00:00.000
100,15,2,,2014-05-14T00:00:00.000
101,14,2,,2014-05-14T00:00:00.000
102,20,2,,2014-05-14T00:00:00.000
103,21,2,,2014-05-14T00:00:00.000
104,21,2,,2014-05-14T00:00:00.000
105,23,2,,2014-05-14T00:00:00.000
106,19,2,,2014-05-14T00:00:00.000
107,21,2,,2014-05-14T00:00:00.000
108,20,2,,2014-05-14T00:00:00.000
109,26,2,,2014-05-14T00:00:00.000
110,7,2,,2014-05-14T00:00:00.000
111,10,2,,2014-05-14T00:00:00.000
112,23,2,,2014-05-14T00:00:00.000
113,10,2,,2014-05-14T00:00:00.000
114,14,2,,2014-05-14T00:00:00.000
115,29,2,,2014-05-14T00:00:00.000
116,26,2,,2014-05-14T00:00:00.000
117,27,2,,2014-05-14T00:00:00.000
118,27,16,,2014-05-14T00:00:00.000
119,3,2,,2014-05-14T00:00:00.000
120,32,2,,2014-05-14T00:00:00.000
121,31,2,,2014-05-14T00:00:00.000
122,30,2,,2014-05-14T00:00:00.000
123,1,2,,2014-05-14T00:00:00.000
124,3,2,,2014-05-14T00:00:00.000
125,22,2,,2014-05-14T00:00:00.000
126,24,2,,2014-05-14T00:00:00.000
127,1,2,,2014-05-14T00:00:00.000
128,3,2,,2014-05-14T00:00:00.000
129,2,3,,2014-05-14T00:00:00.000
130,20,2,,2014-05-14T00:00:00.000
131,5,3,,2014-05-14T00:00:00.000
132,7,3,,2014-05-14T00:00:00.000
133,11,3,,2014-05-14T00:00:00.000
134,32,2,,2014-05-14T00:00:00.000
135,32,5,132,2014-05-14T00:00:00.000
136,12,3,,2014-05-14T00:00:00.000
137,16,2,,2014-05-14T00:00:00.000
138,20,2,,2014-05-14T00:00:00.000
139,22,2,,2014-05-14T00:00:00.000
140,31,2,,2014-05-14T00:00:00.000
141,34,2,,2014-05-14T00:00:00.000
142,34,2,,2014-05-14T00:00:00.000
143,4,2,,2014-05-14T00:00:00.000
144,16,2,,2014-05-14T00:00:00.000
145,26,2,,2014-05-14T00:00:00.000
146,36,2,,2014-05-14T00:00:00.000
147,12,3,,2014-05-14T00:00:00.000
148,34,2,,2014-05-14T00:00:00.000
149,36,2,,2014-05-14T00:00:00.000
150,35,2,,2014-05-14T00:00:00.000
151,21,2,,2014-05-14T00:00:00.000
152,30,2,,2014-05-14T00:00:00.000
153,25,2,,2014-05-14T00:00:00.000
155,19,2,,2014-05-14T00:00:00.000
156,21,2,,2014-05-14T00:00:00.000
157,37,2,,2014-05-14T00:00:00.000
158,30,2,,2014-05-14T00:00:00.000
159,26,2,,2014-05-14T00:00:00.000
160,33,2,,2014-05-14T00:00:00.000
161,35,2,,2014-05-14T00:00:00.000
162,36,2,,2014-05-14T00:00:00.000
163,34,2,,2014-05-14T00:00:00.000
164,22,2,,2014-05-14T00:00:00.000
165,38,2,,2014-05-14T00:00:00.000
166,35,2,,2014-05-14T00:00:00.000
167,34,2,,2014-05-14T00:00:00.000
168,36,2,,2014-05-14T00:00:00.000
169,7,3,,2014-05-14T00:00:00.000
170,31,2,,2014-05-14T00:00:00.000
171,39,10,,2014-05-14T00:00:00.000
172,35,2,,2014-05-14T00:00:00.000
176,44,2,,2014-05-14T00:00:00.000
178,16,2,,2014-05-14T00:00:00.000
179,41,2,,2014-05-14T00:00:00.000
180,42,2,,2014-05-14T00:00:00.000
181,47,2,,2014-05-14T00:00:00.000
182,41,2,,2014-05-14T00:00:00.000
183,47,2,,2014-05-14T00:00:00.000
184,44,2,,2014-05-14T00:00:00.000
185,41,16,,2014-05-14T00:00:00.000
186,32,2,,2014-05-14T00:00:00.000
187,23,2,,2014-05-14T00:00:00.000
188,41,2,,2014-05-14T00:00:00.000
189,34,5,146,2014-05-14T00:00:00.000
190,41,5,146,2014-05-14T00:00:00.000
191,21,2,,2014-05-14T00:00:00.000
192,37,2,,2014-05-14T00:00:00.000
194,43,2,,2014-05-14T00:00:00.000
195,38,5,146,2014-05-14T00:00:00.000
196,34,2,,2014-05-14T00:00:00.000
197,36,2,,2014-05-14T00:00:00.000
198,12,3,,2014-05-14T00:00:00.000
199,44,2,,2014-05-14T00:00:00.000
200,45,2,,2014-05-14T00:00:00.000
201,1,2,,2014-05-14T00:00:00.000
202,4,2,,2014-05-14T00:00:00.000
203,44,2,,2014-05-14T00:00:00.000
204,47,2,,2014-05-14T00:00:00.000
205,4,2,,2014-05-14T00:00:00.000
206,50,2,,2014-05-14T00:00:00.000
207,3,2,,2014-05-14T00:00:00.000
208,51,2,,2014-05-14T00:00:00.000
209,51,16,,2014-05-14T00:00:00.000
210,44,2,,2014-05-14T00:00:00.000
211,43,2,,2014-05-14T00:00:00.000
212,37,2,,2014-05-14T00:00:00.000
213,46,2,,2014-05-14T00:00:00.000
214,37,2,,2014-05-14T00:00:00.000
215,25,3,,2014-05-14T00:00:00.000
216,1,2,,2014-05-14T00:00:00.000
217,1,5,146,2014-05-14T00:00:00.000
218,50,2,,2014-05-14T00:00:00.000
219,51,2,,2014-05-14T00:00:00.000
220,43,2,,2014-05-14T00:00:00.000
221,38,2,,2014-05-14T00:00:00.000
222,50,2,,2014-05-14T00:00:00.000
223,51,2,,2014-05-14T00:00:00.000
224,53,2,,2014-05-14T00:00:00.000
225,11,10,,2014-05-14T00:00:00.000
226,1,2,,2014-05-14T00:00:00.000
227,52,2,,2014-05-14T00:00:00.000
228,46,2,,2014-05-14T00:00:00.000
229,12,10,,2014-05-14T00:00:00.000
230,56,3,,2014-05-14T00:00:00.000
231,52,2,,2014-05-14T00:00:00.000
232,56,10,,2014-05-14T00:00:00.000
233,55,10,,2014-05-14T00:00:00.000
234,57,2,,2014-05-14T00:00:00.000
235,54,3,,2014-05-14T00:00:00.000
236,51,2,,2014-05-14T00:00:00.000
237,53,2,,2014-05-14T00:00:00.000
238,24,2,,2014-05-14T00:00:00.000
239,54,10,,2014-05-14T00:00:00.000
240,57,2,,2014-05-14T00:00:00.000
241,40,2,,2014-05-14T00:00:00.000
242,16,2,,2014-05-14T00:00:00.000
243,37,2,,2014-05-14T00:00:00.000
244,37,2,,2014-05-14T00:00:00.000
245,3,2,,2014-05-14T00:00:00.000
246,38,2,,2014-05-14T00:00:00.000
247,43,2,,2014-05-14T00:00:00.000
248,28,2,,2014-05-14T00:00:00.000
249,44,2,,2014-05-14T00:00:00.000
250,43,2,,2014-05-14T00:00:00.000
251,46,2,,2014-05-14T00:00:00.000
252,58,2,,2014-05-14T00:00:00.000
253,34,2,,2014-05-14T00:00:00.000
254,36,2,,2014-05-14T00:00:00.000
255,38,2,,2014-05-14T00:00:00.000
256,43,2,,2014-05-14T00:00:00.000
257,19,2,,2014-05-14T00:00:00.000
258,21,2,,2014-05-14T00:00:00.000
259,37,2,,2014-05-14T00:00:00.000
260,30,2,,2014-05-14T00:00:00.000
261,25,2,,2014-05-14T00:00:00.000
262,37,1,,2014-05-14T00:00:00.000
263,52,2,,2014-05-14T00:00:00.000
264,57,2,,2014-05-14T00:00:00.000
265,41,2,,2014-05-14T00:00:00.000
266,44,2,,2014-05-14T00:00:00.000
267,47,2,,2014-05-14T00:00:00.000
268,28,2,,2014-05-14T00:00:00.000
269,23,2,,2014-05-14T00:00:00.000
270,59,2,,2014-05-14T00:00:00.000
271,29,2,,2014-05-14T00:00:00.000
272,32,15,,2014-05-14T00:00:00.000
273,19,2,,2014-05-14T00:00:00.000
274,59,2,,2014-05-14T00:00:00.000
275,35,2,,2014-05-14T00:00:00.000
276,37,2,,2014-05-14T00:00:00.000
277,30,2,,2014-05-14T00:00:00.000
278,60,2,,2014-05-14T00:00:00.000
279,60,2,,2014-05-14T00:00:00.000
280,62,2,,2014-05-14T00:00:00.000
281,61,2,,2014-05-14T00:00:00.000
282,64,2,,2014-05-14T00:00:00.000
283,43,2,,2014-05-14T00:00:00.000
284,38,2,,2014-05-14T00:00:00.000
285,52,2,,2014-05-14T00:00:00.000
286,57,2,,2014-05-14T00:00:00.000
287,15,2,,2014-05-14T00:00:00.000
288,63,10,,2014-05-14T00:00:00.000
289,2,10,,2014-05-14T00:00:00.000
290,53,2,,2014-05-14T00:00:00.000
291,53,1,,2014-05-14T00:00:00.000
292,62,2,,2014-05-14T00:00:00.000
293,20,2,,2014-05-14T00:00:00.000
294,26,2,,2014-05-14T00:00:00.000
295,69,2,,2014-05-14T00:00:00.000
296,64,2,,2014-05-14T00:00:00.000
297,62,2,,2014-05-14T00:00:00.000
298,33,2,,2014-05-14T00:00:00.000
299,61,2,,2014-05-14T00:00:00.000
300,62,2,,2014-05-14T00:00:00.000
301,64,2,,2014-05-14T00:00:00.000
303,21,2,,2014-05-14T00:00:00.000
304,38,2,,2014-05-14T00:00:00.000
305,42,2,,2014-05-14T00:00:00.000
306,1,2,,2014-05-14T00:00:00.000
307,4,2,,2014-05-14T00:00:00.000
308,43,2,,2014-05-14T00:00:00.000
309,3,2,,2014-05-14T00:00:00.000
310,41,2,,2014-05-14T00:00:00.000
311,1,2,,2014-05-14T00:00:00.000
312,70,2,,2014-05-14T00:00:00.000
313,62,2,,2014-05-14T00:00:00.000
314,43,2,,2014-05-14T00:00:00.000
315,38,2,,2014-05-14T00:00:00.000
316,60,2,,2014-05-14T00:00:00.000
317,71,2,,2014-05-14T00:00:00.000
318,71,2,,2014-05-14T00:00:00.000
319,74,2,,2014-05-14T00:00:00.000
320,71,2,,2014-05-14T00:00:00.000
321,74,3,,2014-05-14T00:00:00.000
322,62,2,,2014-05-14T00:00:00.000
323,37,2,,2014-05-14T00:00:00.000
324,19,2,,2014-05-14T00:00:00.000
325,19,2,,2014-05-14T00:00:00.000
326,37,2,,2014-05-14T00:00:00.000
327,47,2,,2014-05-14T00:00:00.000
329,62,1,,2014-05-14T00:00:00.000
330,4,2,,2014-05-15T00:00:00.000
331,1,2,,2014-05-15T00:00:00.000
332,58,2,,2014-05-15T00:00:00.000
333,76,2,,2014-05-15T00:00:00.000
334,78,2,,2014-05-15T00:00:00.000
335,78,2,,2014-05-15T00:00:00.000
336,58,2,,2014-05-15T00:00:00.000
337,16,2,,2014-05-15T00:00:00.000
338,40,2,,2014-05-15T00:00:00.000
339,27,2,,2014-05-15T00:00:00.000
340,19,2,,2014-05-15T00:00:00.000
341,37,2,,2014-05-15T00:00:00.000
342,22,2,,2014-05-15T00:00:00.000
343,24,2,,2014-05-15T00:00:00.000
344,32,2,,2014-05-15T00:00:00.000
345,76,2,,2014-05-15T00:00:00.000
346,31,16,,2014-05-15T00:00:00.000
347,72,2,,2014-05-15T00:00:00.000
348,72,1,,2014-05-15T00:00:00.000
349,82,2,,2014-05-15T00:00:00.000
350,76,2,,2014-05-15T00:00:00.000
351,62,2,,2014-05-15T00:00:00.000
352,82,2,,2014-05-15T00:00:00.000
353,81,2,,2014-05-15T00:00:00.000
354,83,2,,2014-05-15T00:00:00.000
355,44,2,,2014-05-15T00:00:00.000
356,62,2,,2014-05-15T00:00:00.000
357,37,2,,2014-05-15T00:00:00.000
358,57,2,,2014-05-15T00:00:00.000
361,84,1,,2014-05-15T00:00:00.000
362,32,10,,2014-05-15T00:00:00.000
363,77,2,,2014-05-15T00:00:00.000
364,81,16,,2014-05-15T00:00:00.000
365,75,2,,2014-05-15T00:00:00.000
366,88,10,,2014-05-15T00:00:00.000
367,74,2,,2014-05-15T00:00:00.000
368,84,2,,2014-05-15T00:00:00.000
369,62,2,,2014-05-15T00:00:00.000
370,19,2,,2014-05-15T00:00:00.000
371,82,2,,2014-05-15T00:00:00.000
372,89,2,,2014-05-15T00:00:00.000
373,60,2,,2014-05-15T00:00:00.000
374,81,2,,2014-05-15T00:00:00.000
375,91,2,,2014-05-15T00:00:00.000
376,89,2,,2014-05-15T00:00:00.000
377,89,3,,2014-05-15T00:00:00.000
378,91,2,,2014-05-15T00:00:00.000
379,89,2,,2014-05-15T00:00:00.000
380,86,2,,2014-05-15T00:00:00.000
381,77,16,,2014-05-15T00:00:00.000
382,90,2,,2014-05-15T00:00:00.000
383,91,2,,2014-05-15T00:00:00.000
384,85,2,,2014-05-15T00:00:00.000
385,93,2,,2014-05-15T00:00:00.000
386,86,2,,2014-05-15T00:00:00.000
391,93,2,,2014-05-15T00:00:00.000
392,94,2,,2014-05-15T00:00:00.000
393,78,2,,2014-05-15T00:00:00.000
394,93,2,,2014-05-15T00:00:00.000
395,96,2,,2014-05-15T00:00:00.000
396,95,2,,2014-05-15T00:00:00.000
397,94,2,,2014-05-15T00:00:00.000
398,94,2,,2014-05-15T00:00:00.000
399,96,2,,2014-05-15T00:00:00.000
400,95,2,,2014-05-15T00:00:00.000
401,97,2,,2014-05-15T00:00:00.000
402,95,3,,2014-05-15T00:00:00.000
403,97,2,,2014-05-15T00:00:00.000
404,62,2,,2014-05-15T00:00:00.000
405,64,2,,2014-05-15T00:00:00.000
406,61,2,,2014-05-15T00:00:00.000
407,62,2,,2014-05-15T00:00:00.000
408,94,2,,2014-05-15T00:00:00.000
409,97,2,,2014-05-15T00:00:00.000
410,86,2,,2014-05-15T00:00:00.000
411,81,2,,2014-05-15T00:00:00.000
412,40,2,,2014-05-15T00:00:00.000
413,38,2,,2014-05-15T00:00:00.000
414,43,2,,2014-05-15T00:00:00.000
415,51,2,,2014-05-15T00:00:00.000
416,53,2,,2014-05-15T00:00:00.000
417,78,1,,2014-05-15T00:00:00.000
418,87,2,,2014-05-15T00:00:00.000
419,100,3,,2014-05-15T00:00:00.000
420,100,10,,2014-05-15T00:00:00.000
421,99,10,,2014-05-15T00:00:00.000
422,86,2,,2014-05-15T00:00:00.000
423,101,2,,2014-05-15T00:00:00.000
424,86,2,,2014-05-15T00:00:00.000
425,93,2,,2014-05-15T00:00:00.000
426,77,2,,2014-05-15T00:00:00.000
427,97,2,,2014-05-15T00:00:00.000
428,97,1,,2014-05-15T00:00:00.000
429,96,2,,2014-05-15T00:00:00.000
430,89,16,,2014-05-16T00:00:00.000
431,71,2,,2014-05-16T00:00:00.000
432,53,2,,2014-05-16T00:00:00.000
433,101,2,,2014-05-16T00:00:00.000
434,101,1,,2014-05-16T00:00:00.000
436,94,2,,2014-05-16T00:00:00.000
437,92,2,,2014-05-16T00:00:00.000
438,37,2,,2014-05-16T00:00:00.000
439,101,2,,2014-05-16T00:00:00.000
440,51,2,,2014-05-16T00:00:00.000
441,81,2,,2014-05-16T00:00:00.000
442,17,16,,2014-05-16T00:00:00.000
443,7,16,,2014-05-16T00:00:00.000
444,52,16,,2014-05-16T00:00:00.000
445,79,16,,2014-05-16T00:00:00.000
446,14,16,,2014-05-16T00:00:00.000
447,66,16,,2014-05-16T00:00:00.000
448,80,16,,2014-05-16T00:00:00.000
449,29,2,,2014-05-16T00:00:00.000
450,103,2,,2014-05-16T00:00:00.000
451,103,2,,2014-05-16T00:00:00.000
452,29,2,,2014-05-16T00:00:00.000
453,62,2,,2014-05-16T00:00:00.000
454,103,2,,2014-05-16T00:00:00.000
455,101,2,,2014-05-16T00:00:00.000
456,103,2,,2014-05-16T00:00:00.000
457,29,2,,2014-05-16T00:00:00.000
458,107,2,,2014-05-16T00:00:00.000
459,15,2,,2014-05-16T00:00:00.000
460,107,2,,2014-05-16T00:00:00.000
461,29,2,,2014-05-16T00:00:00.000
462,91,2,,2014-05-16T00:00:00.000
463,92,2,,2014-05-16T00:00:00.000
464,92,2,,2014-05-16T00:00:00.000
465,91,2,,2014-05-16T00:00:00.000
466,91,1,,2014-05-16T00:00:00.000
467,98,10,,2014-05-17T00:00:00.000
468,110,10,,2014-05-17T00:00:00.000
469,107,2,,2014-05-17T00:00:00.000
470,30,2,,2014-05-17T00:00:00.000
471,102,2,,2014-05-17T00:00:00.000
472,111,2,,2014-05-17T00:00:00.000
473,37,2,,2014-05-17T00:00:00.000
474,111,2,,2014-05-17T00:00:00.000
475,111,1,,2014-05-17T00:00:00.000
476,112,2,,2014-05-17T00:00:00.000
477,112,2,,2014-05-17T00:00:00.000
478,107,16,,2014-05-17T00:00:00.000
479,114,10,,2014-05-17T00:00:00.000
480,14,2,,2014-05-17T00:00:00.000
481,29,2,,2014-05-17T00:00:00.000
482,61,2,,2014-05-17T00:00:00.000
483,62,2,,2014-05-17T00:00:00.000
484,81,2,,2014-05-17T00:00:00.000
485,82,2,,2014-05-17T00:00:00.000
486,41,2,,2014-05-17T00:00:00.000
487,44,1,,2014-05-17T00:00:00.000
488,116,2,,2014-05-17T00:00:00.000
489,113,2,,2014-05-17T00:00:00.000
490,103,2,,2014-05-17T00:00:00.000
491,101,2,,2014-05-17T00:00:00.000
492,97,2,,2014-05-17T00:00:00.000
494,112,2,,2014-05-17T00:00:00.000
495,117,10,,2014-05-17T00:00:00.000
496,37,2,,2014-05-17T00:00:00.000
497,16,16,,2014-05-17T00:00:00.000
498,116,5,92,2014-05-17T00:00:00.000
499,116,2,,2014-05-17T00:00:00.000
500,116,2,,2014-05-17T00:00:00.000
501,121,2,,2014-05-17T00:00:00.000
502,113,2,,2014-05-17T00:00:00.000
503,20,2,,2014-05-17T00:00:00.000
504,27,2,,2014-05-17T00:00:00.000
505,116,2,,2014-05-17T00:00:00.000
506,121,2,,2014-05-17T00:00:00.000
507,102,2,,2014-05-17T00:00:00.000
508,111,2,,2014-05-17T00:00:00.000
509,16,2,,2014-05-17T00:00:00.000
510,46,2,,2014-05-17T00:00:00.000
511,58,2,,2014-05-17T00:00:00.000
512,107,2,,2014-05-17T00:00:00.000
513,112,2,,2014-05-17T00:00:00.000
514,1,2,,2014-05-17T00:00:00.000
515,4,2,,2014-05-17T00:00:00.000
517,81,2,,2014-05-17T00:00:00.000
518,82,2,,2014-05-17T00:00:00.000
519,90,2,,2014-05-17T00:00:00.000
520,19,2,,2014-05-17T00:00:00.000
521,37,2,,2014-05-17T00:00:00.000
522,113,2,,2014-05-17T00:00:00.000
523,26,2,,2014-05-17T00:00:00.000
524,121,2,,2014-05-18T00:00:00.000
525,103,2,,2014-05-18T00:00:00.000
526,19,2,,2014-05-18T00:00:00.000
527,107,2,,2014-05-18T00:00:00.000
528,103,2,,2014-05-18T00:00:00.000
529,25,2,,2014-05-18T00:00:00.000
530,115,2,,2014-05-18T00:00:00.000
531,128,2,,2014-05-18T00:00:00.000
532,130,2,,2014-05-18T00:00:00.000
533,126,2,,2014-05-18T00:00:00.000
534,132,2,,2014-05-18T00:00:00.000
535,130,2,,2014-05-18T00:00:00.000
536,128,2,,2014-05-18T00:00:00.000
537,115,2,,2014-05-18T00:00:00.000
538,133,2,,2014-05-18T00:00:00.000
539,1,2,,2014-05-18T00:00:00.000
540,4,2,,2014-05-18T00:00:00.000
541,3,2,,2014-05-18T00:00:00.000
542,113,2,,2014-05-18T00:00:00.000
543,35,2,,2014-05-18T00:00:00.000
544,45,2,,2014-05-18T00:00:00.000
546,41,2,,2014-05-18T00:00:00.000
547,47,2,,2014-05-18T00:00:00.000
548,44,2,,2014-05-18T00:00:00.000
549,134,2,,2014-05-18T00:00:00.000
550,44,2,,2014-05-18T00:00:00.000
551,47,2,,2014-05-18T00:00:00.000
552,132,2,,2014-05-18T00:00:00.000
553,130,2,,2014-05-18T00:00:00.000
554,130,16,,2014-05-18T00:00:00.000
555,134,2,,2014-05-18T00:00:00.000
556,134,2,,2014-05-18T00:00:00.000
557,126,2,,2014-05-18T00:00:00.000
558,107,2,,2014-05-18T00:00:00.000
559,139,2,,2014-05-18T00:00:00.000
560,135,2,,2014-05-18T00:00:00.000
561,41,5,136,2014-05-18T00:00:00.000
562,121,2,,2014-05-18T00:00:00.000
563,143,16,,2014-05-18T00:00:00.000
564,76,16,,2014-05-18T00:00:00.000
565,143,2,,2014-05-18T00:00:00.000
566,129,16,,2014-05-18T00:00:00.000
567,138,2,,2014-05-18T00:00:00.000
568,82,2,,2014-05-18T00:00:00.000
569,81,2,,2014-05-18T00:00:00.000
570,10,2,,2014-05-18T00:00:00.000
571,7,2,,2014-05-18T00:00:00.000
572,23,2,,2014-05-18T00:00:00.000
573,28,2,,2014-05-18T00:00:00.000
574,26,2,,2014-05-18T00:00:00.000
575,27,2,,2014-05-18T00:00:00.000
576,83,2,,2014-05-18T00:00:00.000
577,126,1,,2014-05-18T00:00:00.000
578,125,16,,2014-05-18T00:00:00.000
579,139,2,,2014-05-18T00:00:00.000
580,76,2,,2014-05-18T00:00:00.000
581,150,10,,2014-05-18T00:00:00.000
582,116,2,,2014-05-18T00:00:00.000
583,82,2,,2014-05-18T00:00:00.000
584,30,2,,2014-05-18T00:00:00.000
585,21,2,,2014-05-18T00:00:00.000
586,37,2,,2014-05-18T00:00:00.000
587,19,2,,2014-05-18T00:00:00.000
588,77,2,,2014-05-18T00:00:00.000
589,87,2,,2014-05-18T00:00:00.000
590,154,2,,2014-05-18T00:00:00.000
591,107,2,,2014-05-18T00:00:00.000
592,112,2,,2014-05-18T00:00:00.000
593,140,2,,2014-05-18T00:00:00.000
594,138,2,,2014-05-18T00:00:00.000
595,130,2,,2014-05-18T00:00:00.000
596,132,2,,2014-05-18T00:00:00.000
597,103,2,,2014-05-18T00:00:00.000
598,133,2,,2014-05-18T00:00:00.000
599,134,2,,2014-05-18T00:00:00.000
600,115,2,,2014-05-18T00:00:00.000
601,131,2,,2014-05-18T00:00:00.000
602,5,2,,2014-05-18T00:00:00.000
603,16,2,,2014-05-18T00:00:00.000
604,58,2,,2014-05-18T00:00:00.000
605,46,2,,2014-05-18T00:00:00.000
606,22,2,,2014-05-18T00:00:00.000
607,24,2,,2014-05-18T00:00:00.000
608,31,2,,2014-05-18T00:00:00.000
609,72,2,,2014-05-18T00:00:00.000
610,9,2,,2014-05-18T00:00:00.000
611,61,2,,2014-05-18T00:00:00.000
612,62,2,,2014-05-18T00:00:00.000
613,64,2,,2014-05-18T00:00:00.000
614,111,2,,2014-05-18T00:00:00.000
615,155,2,,2014-05-18T00:00:00.000
616,102,2,,2014-05-18T00:00:00.000
617,113,2,,2014-05-18T00:00:00.000
618,122,2,,2014-05-18T00:00:00.000
619,116,2,,2014-05-18T00:00:00.000
620,155,2,,2014-05-18T00:00:00.000
621,121,2,,2014-05-18T00:00:00.000
622,14,2,,2014-05-18T00:00:00.000
623,52,2,,2014-05-18T00:00:00.000
624,41,2,,2014-05-18T00:00:00.000
625,156,2,,2014-05-18T00:00:00.000
626,158,2,,2014-05-18T00:00:00.000
627,158,2,,2014-05-18T00:00:00.000
628,157,2,,2014-05-18T00:00:00.000
629,102,16,,2014-05-18T00:00:00.000
630,156,2,,2014-05-18T00:00:00.000
631,132,2,,2014-05-18T00:00:00.000
632,160,1,,2014-05-18T00:00:00.000
633,122,1,,2014-05-18T00:00:00.000
634,122,2,,2014-05-18T00:00:00.000
635,135,3,,2014-05-18T00:00:00.000
636,162,2,,2014-05-18T00:00:00.000
637,160,2,,2014-05-18T00:00:00.000
638,160,2,,2014-05-18T00:00:00.000
639,134,2,,2014-05-18T00:00:00.000
640,130,2,,2014-05-18T00:00:00.000
641,132,2,,2014-05-18T00:00:00.000
642,160,2,,2014-05-18T00:00:00.000
644,164,2,,2014-05-19T00:00:00.000
645,160,2,,2014-05-19T00:00:00.000
646,159,2,,2014-05-19T00:00:00.000
647,158,2,,2014-05-19T00:00:00.000
648,155,2,,2014-05-19T00:00:00.000
649,22,2,,2014-05-19T00:00:00.000
650,133,2,,2014-05-19T00:00:00.000
651,131,2,,2014-05-19T00:00:00.000
652,131,1,,2014-05-19T00:00:00.000
653,107,16,,2014-05-19T00:00:00.000
654,140,2,,2014-05-19T00:00:00.000
655,162,2,,2014-05-19T00:00:00.000
656,159,2,,2014-05-19T00:00:00.000
657,160,2,,2014-05-19T00:00:00.000
658,157,2,,2014-05-19T00:00:00.000
659,36,2,,2014-05-19T00:00:00.000
660,143,2,,2014-05-19T00:00:00.000
661,161,2,,2014-05-19T00:00:00.000
662,14,2,,2014-05-19T00:00:00.000
663,29,2,,2014-05-19T00:00:00.000
664,1,5,227,2014-05-19T00:00:00.000
665,165,2,,2014-05-19T00:00:00.000
666,158,1,,2014-05-19T00:00:00.000
667,164,2,,2014-05-19T00:00:00.000
668,165,2,,2014-05-19T00:00:00.000
669,165,1,,2014-05-19T00:00:00.000
670,15,3,,2014-05-19T00:00:00.000
671,163,2,,2014-05-19T00:00:00.000
672,166,2,,2014-05-19T00:00:00.000
673,162,2,,2014-05-19T00:00:00.000
674,169,2,,2014-05-19T00:00:00.000
675,166,2,,2014-05-19T00:00:00.000
676,169,2,,2014-05-19T00:00:00.000
677,169,2,,2014-05-19T00:00:00.000
678,170,2,,2014-05-19T00:00:00.000
679,171,2,,2014-05-19T00:00:00.000
681,170,2,,2014-05-19T00:00:00.000
682,78,2,,2014-05-19T00:00:00.000
683,85,2,,2014-05-19T00:00:00.000
684,75,2,,2014-05-19T00:00:00.000
685,71,2,,2014-05-19T00:00:00.000
686,84,2,,2014-05-19T00:00:00.000
687,1,2,,2014-05-19T00:00:00.000
688,3,2,,2014-05-19T00:00:00.000
689,37,2,,2014-05-19T00:00:00.000
690,172,2,,2014-05-20T00:00:00.000
691,172,16,,2014-05-20T00:00:00.000
692,173,2,,2014-05-20T00:00:00.000
693,171,2,,2014-05-20T00:00:00.000
694,45,2,,2014-05-20T00:00:00.000
695,35,2,,2014-05-20T00:00:00.000
696,170,1,,2014-05-20T00:00:00.000
697,24,2,,2014-05-20T00:00:00.000
698,36,2,,2014-05-20T00:00:00.000
699,153,2,,2014-05-20T00:00:00.000
700,82,2,,2014-05-20T00:00:00.000
701,170,2,,2014-05-20T00:00:00.000
702,172,2,,2014-05-20T00:00:00.000
703,172,2,,2014-05-20T00:00:00.000
704,158,2,,2014-05-20T00:00:00.000
705,160,2,,2014-05-20T00:00:00.000
706,128,2,,2014-05-20T00:00:00.000
707,166,2,,2014-05-20T00:00:00.000
708,129,2,,2014-05-20T00:00:00.000
709,151,16,,2014-05-20T00:00:00.000
710,48,16,,2014-05-20T00:00:00.000
711,79,16,,2014-05-20T00:00:00.000
712,124,16,,2014-05-20T00:00:00.000
713,123,16,,2014-05-20T00:00:00.000
714,168,16,,2014-05-20T00:00:00.000
715,104,16,,2014-05-20T00:00:00.000
716,118,16,,2014-05-20T00:00:00.000
717,142,16,,2014-05-20T00:00:00.000
718,109,16,,2014-05-20T00:00:00.000
719,149,16,,2014-05-20T00:00:00.000
720,167,16,,2014-05-20T00:00:00.000
721,147,16,,2014-05-20T00:00:00.000
722,105,16,,2014-05-20T00:00:00.000
723,136,16,,2014-05-20T00:00:00.000
724,152,16,,2014-05-20T00:00:00.000
725,145,16,,2014-05-20T00:00:00.000
726,148,16,,2014-05-20T00:00:00.000
727,137,16,,2014-05-20T00:00:00.000
728,128,2,,2014-05-20T00:00:00.000
729,115,2,,2014-05-20T00:00:00.000
730,131,2,,2014-05-20T00:00:00.000
731,120,2,,2014-05-20T00:00:00.000
732,94,2,,2014-05-20T00:00:00.000
733,97,2,,2014-05-20T00:00:00.000
734,96,2,,2014-05-20T00:00:00.000
735,95,2,,2014-05-20T00:00:00.000
736,89,2,,2014-05-20T00:00:00.000
737,91,2,,2014-05-20T00:00:00.000
738,92,2,,2014-05-20T00:00:00.000
739,86,2,,2014-05-20T00:00:00.000
740,86,5,227,2014-05-20T00:00:00.000
741,101,2,,2014-05-20T00:00:00.000
742,76,5,227,2014-05-20T00:00:00.000
743,52,2,,2014-05-20T00:00:00.000
744,52,5,227,2014-05-20T00:00:00.000
745,57,2,,2014-05-20T00:00:00.000
746,46,2,,2014-05-20T00:00:00.000
747,58,2,,2014-05-20T00:00:00.000
748,16,2,,2014-05-20T00:00:00.000
749,20,2,,2014-05-20T00:00:00.000
750,26,2,,2014-05-20T00:00:00.000
751,27,2,,2014-05-20T00:00:00.000
752,40,2,,2014-05-20T00:00:00.000
753,20,5,227,2014-05-20T00:00:00.000
754,83,2,,2014-05-20T00:00:00.000
755,128,2,,2014-05-20T00:00:00.000
756,172,2,,2014-05-20T00:00:00.000
757,135,2,,2014-05-20T00:00:00.000
758,174,2,,2014-05-20T00:00:00.000
759,116,2,,2014-05-20T00:00:00.000
760,44,2,,2014-05-20T00:00:00.000
761,159,3,,2014-05-21T00:00:00.000
762,176,2,,2014-05-21T00:00:00.000
763,176,2,,2014-05-21T00:00:00.000
764,182,2,,2014-05-21T00:00:00.000
765,175,2,,2014-05-21T00:00:00.000
766,176,2,,2014-05-21T00:00:00.000
767,183,2,,2014-05-21T00:00:00.000
768,155,5,136,2014-05-21T00:00:00.000
769,155,2,,2014-05-21T00:00:00.000
770,156,2,,2014-05-21T00:00:00.000
771,162,2,,2014-05-21T00:00:00.000
772,158,2,,2014-05-21T00:00:00.000
773,184,2,,2014-05-21T00:00:00.000
774,182,2,,2014-05-21T00:00:00.000
775,183,2,,2014-05-21T00:00:00.000
776,156,2,,2014-05-21T00:00:00.000
777,82,2,,2014-05-21T00:00:00.000
778,186,2,,2014-05-21T00:00:00.000
779,134,2,,2014-05-21T00:00:00.000
780,130,2,,2014-05-21T00:00:00.000
781,132,2,,2014-05-21T00:00:00.000
782,185,2,,2014-05-21T00:00:00.000
783,187,2,,2014-05-21T00:00:00.000
784,187,1,,2014-05-21T00:00:00.000
785,38,2,,2014-05-22T00:00:00.000
786,43,2,,2014-05-22T00:00:00.000
787,42,2,,2014-05-22T00:00:00.000
788,187,2,,2014-05-22T00:00:00.000
789,186,2,,2014-05-22T00:00:00.000
790,172,2,,2014-05-22T00:00:00.000
791,172,5,159,2014-05-22T00:00:00.000
792,35,2,,2014-05-22T00:00:00.000
793,35,5,159,2014-05-22T00:00:00.000
794,121,1,,2014-05-22T00:00:00.000
795,191,2,,2014-05-22T00:00:00.000
796,194,2,,2014-05-22T00:00:00.000
797,192,2,,2014-05-22T00:00:00.000
798,195,2,,2014-05-22T00:00:00.000
799,193,2,,2014-05-22T00:00:00.000
800,128,8,,2014-05-23T00:00:00.000
801,130,8,,2014-05-23T00:00:00.000
802,132,2,,2014-05-23T00:00:00.000
803,196,2,,2014-05-23T00:00:00.000
804,197,2,,2014-05-23T00:00:00.000
805,169,2,,2014-05-23T00:00:00.000
806,170,2,,2014-05-23T00:00:00.000
807,135,2,,2014-05-23T00:00:00.000
808,132,2,,2014-05-23T00:00:00.000
809,197,2,,2014-05-23T00:00:00.000
810,196,2,,2014-05-23T00:00:00.000
811,132,2,,2014-05-23T00:00:00.000
812,199,2,,2014-05-23T00:00:00.000
813,132,2,,2014-05-23T00:00:00.000
814,202,2,,2014-05-23T00:00:00.000
815,188,2,,2014-05-23T00:00:00.000
816,197,2,,2014-05-23T00:00:00.000
817,132,2,,2014-05-23T00:00:00.000
818,130,2,,2014-05-23T00:00:00.000
819,185,1,,2014-05-23T00:00:00.000
820,196,2,,2014-05-23T00:00:00.000
821,202,2,,2014-05-23T00:00:00.000
822,201,2,,2014-05-23T00:00:00.000
823,61,2,,2014-05-24T00:00:00.000
824,62,2,,2014-05-24T00:00:00.000
825,64,2,,2014-05-24T00:00:00.000
826,202,2,,2014-05-24T00:00:00.000
827,116,2,,2014-05-24T00:00:00.000
828,121,2,,2014-05-24T00:00:00.000
829,174,2,,2014-05-24T00:00:00.000
831,204,2,,2014-05-24T00:00:00.000
832,208,2,,2014-05-24T00:00:00.000
833,165,2,,2014-05-25T00:00:00.000
834,194,2,,2014-05-25T00:00:00.000
835,191,2,,2014-05-25T00:00:00.000
836,204,2,,2014-05-25T00:00:00.000
837,202,2,,2014-05-25T00:00:00.000
838,199,2,,2014-05-25T00:00:00.000
839,209,2,,2014-05-25T00:00:00.000
840,82,1,,2014-05-26T00:00:00.000
841,187,2,,2014-05-26T00:00:00.000
842,81,2,,2014-05-26T00:00:00.000
843,41,2,,2014-05-26T00:00:00.000
844,44,2,,2014-05-26T00:00:00.000
845,14,2,,2014-05-26T00:00:00.000
846,4,2,,2014-05-27T00:00:00.000
847,1,2,,2014-05-27T00:00:00.000
848,3,2,,2014-05-27T00:00:00.000
849,209,2,,2014-05-27T00:00:00.000
850,41,2,,2014-05-27T00:00:00.000
851,44,2,,2014-05-27T00:00:00.000
852,160,2,,2014-05-27T00:00:00.000
853,201,2,,2014-05-27T00:00:00.000
854,155,5,227,2014-05-27T00:00:00.000
855,47,2,,2014-05-27T00:00:00.000
856,61,2,,2014-05-27T00:00:00.000
857,213,2,,2014-05-27T00:00:00.000
858,208,2,,2014-05-27T00:00:00.000
859,206,2,,2014-05-27T00:00:00.000
860,207,2,,2014-05-27T00:00:00.000
861,208,1,,2014-05-27T00:00:00.000
862,197,1,,2014-05-27T00:00:00.000
863,208,2,,2014-05-27T00:00:00.000
864,116,2,,2014-05-27T00:00:00.000
865,155,5,157,2014-05-27T00:00:00.000
866,158,2,,2014-05-27T00:00:00.000
867,156,2,,2014-05-27T00:00:00.000
868,162,2,,2014-05-27T00:00:00.000
869,201,2,,2014-05-27T00:00:00.000
870,201,2,,2014-05-27T00:00:00.000
871,155,2,,2014-05-27T00:00:00.000
872,214,2,,2014-05-27T00:00:00.000
873,205,2,,2014-05-27T00:00:00.000
874,208,2,,2014-05-27T00:00:00.000
875,206,2,,2014-05-27T00:00:00.000
876,207,2,,2014-05-27T00:00:00.000
881,155,2,,2014-05-27T00:00:00.000
882,158,2,,2014-05-27T00:00:00.000
883,156,2,,2014-05-27T00:00:00.000
884,162,2,,2014-05-27T00:00:00.000
885,201,2,,2014-05-27T00:00:00.000
886,214,2,,2014-05-27T00:00:00.000
887,214,2,,2014-05-27T00:00:00.000
888,215,2,,2014-05-27T00:00:00.000
889,215,2,,2014-05-27T00:00:00.000
890,215,2,,2014-05-28T00:00:00.000
891,212,2,,2014-05-28T00:00:00.000
892,217,2,,2014-05-28T00:00:00.000
893,216,2,,2014-05-28T00:00:00.000
894,4,2,,2014-05-28T00:00:00.000
895,121,2,,2014-05-28T00:00:00.000
896,213,1,,2014-05-28T00:00:00.000
897,134,2,,2014-05-28T00:00:00.000
898,200,2,,2014-05-28T00:00:00.000
899,161,2,,2014-05-29T00:00:00.000
900,216,2,,2014-05-29T00:00:00.000
901,216,2,,2014-05-29T00:00:00.000
902,203,2,,2014-05-29T00:00:00.000
903,138,2,,2014-05-29T00:00:00.000
904,222,2,,2014-05-29T00:00:00.000
905,194,1,,2014-05-29T00:00:00.000
906,161,2,,2014-05-29T00:00:00.000
908,220,2,,2014-05-30T00:00:00.000
909,215,2,,2014-05-30T00:00:00.000
910,216,2,,2014-05-30T00:00:00.000
911,183,2,,2014-05-30T00:00:00.000
912,46,1,,2014-05-30T00:00:00.000
913,223,2,,2014-05-30T00:00:00.000
914,222,2,,2014-05-30T00:00:00.000
915,207,2,,2014-05-30T00:00:00.000
916,206,2,,2014-05-30T00:00:00.000
917,208,2,,2014-05-30T00:00:00.000
918,205,2,,2014-05-30T00:00:00.000
919,198,2,,2014-05-30T00:00:00.000
920,192,2,,2014-05-30T00:00:00.000
921,195,2,,2014-05-30T00:00:00.000
922,193,2,,2014-05-30T00:00:00.000
923,183,2,,2014-05-30T00:00:00.000
924,190,2,,2014-05-30T00:00:00.000
925,179,2,,2014-05-30T00:00:00.000
926,172,5,320,2014-05-30T00:00:00.000
927,37,2,,2014-05-30T00:00:00.000
928,223,2,,2014-05-30T00:00:00.000
929,128,2,,2014-05-30T00:00:00.000
930,116,2,,2014-05-30T00:00:00.000
931,1,2,,2014-05-30T00:00:00.000
932,4,2,,2014-05-30T00:00:00.000
933,223,5,323,2014-05-30T00:00:00.000
934,218,3,,2014-05-30T00:00:00.000
935,155,5,326,2014-05-30T00:00:00.000
936,155,2,,2014-05-30T00:00:00.000
937,41,2,,2014-05-30T00:00:00.000
938,44,2,,2014-05-30T00:00:00.000
939,138,2,,2014-05-30T00:00:00.000
940,221,2,,2014-05-30T00:00:00.000
941,197,2,,2014-05-30T00:00:00.000
942,201,2,,2014-05-31T00:00:00.000
943,218,2,,2014-05-31T00:00:00.000
944,182,2,,2014-05-31T00:00:00.000
945,128,9,,2014-05-31T00:00:00.000
946,130,9,,2014-05-31T00:00:00.000
948,155,2,,2014-05-31T00:00:00.000
949,226,2,,2014-06-01T00:00:00.000
950,212,1,,2014-06-01T00:00:00.000
951,227,2,,2014-06-01T00:00:00.000
956,225,3,,2014-06-01T00:00:00.000
957,155,5,225,2014-06-02T00:00:00.000
958,225,3,,2014-06-02T00:00:00.000
959,229,2,,2014-06-02T00:00:00.000
960,230,2,,2014-06-02T00:00:00.000
961,169,2,,2014-06-03T00:00:00.000
962,170,2,,2014-06-03T00:00:00.000
963,155,5,359,2014-06-03T00:00:00.000
964,172,2,,2014-06-03T00:00:00.000
965,43,1,,2014-06-03T00:00:00.000
966,143,2,,2014-06-03T00:00:00.000
967,228,2,,2014-06-03T00:00:00.000
968,125,15,,2014-06-04T00:00:00.000
969,116,2,,2014-06-04T00:00:00.000
970,231,2,,2014-06-05T00:00:00.000
971,191,5,146,2014-06-05T00:00:00.000
972,51,2,,2014-06-05T00:00:00.000
973,53,2,,2014-06-05T00:00:00.000
974,231,2,,2014-06-05T00:00:00.000
975,128,2,,2014-06-06T00:00:00.000
976,135,2,,2014-06-06T00:00:00.000
977,157,2,,2014-06-06T00:00:00.000
978,47,2,,2014-06-06T00:00:00.000
979,44,2,,2014-06-06T00:00:00.000
980,41,2,,2014-06-06T00:00:00.000
981,166,1,,2014-06-07T00:00:00.000
982,224,8,,2014-06-07T00:00:00.000
983,202,1,,2014-06-07T00:00:00.000
984,224,2,,2014-06-08T00:00:00.000
985,128,2,,2014-06-08T00:00:00.000
986,132,2,,2014-06-08T00:00:00.000
987,184,2,,2014-06-08T00:00:00.000
988,172,2,,2014-06-08T00:00:00.000
989,233,2,,2014-06-08T00:00:00.000
990,231,2,,2014-06-08T00:00:00.000
991,232,2,,2014-06-08T00:00:00.000
992,232,2,,2014-06-08T00:00:00.000
1992,155,5,386,2014-06-09T00:00:00.000
1996,226,2,,2014-06-09T00:00:00.000
1997,224,3,,2014-06-09T00:00:00.000
1998,235,3,,2014-06-09T00:00:00.000
1999,235,3,,2014-06-09T00:00:00.000
2000,235,3,,2014-06-09T00:00:00.000
2001,19,2,,2014-06-09T00:00:00.000
2002,233,2,,2014-06-09T00:00:00.000
2003,199,2,,2014-06-09T00:00:00.000
2004,205,2,,2014-06-09T00:00:00.000
2005,207,2,,2014-06-09T00:00:00.000
2006,198,2,,2014-06-09T00:00:00.000
2007,113,2,,2014-06-09T00:00:00.000
2008,10,2,,2014-06-09T00:00:00.000
2009,220,2,,2014-06-09T00:00:00.000
2010,161,2,,2014-06-09T00:00:00.000
2011,237,2,,2014-06-09T00:00:00.000
2012,215,2,,2014-06-09T00:00:00.000
2013,216,2,,2014-06-09T00:00:00.000
2014,230,2,,2014-06-09T00:00:00.000
2015,235,2,,2014-06-09T00:00:00.000
2016,130,2,,2014-06-09T00:00:00.000
2017,132,2,,2014-06-09T00:00:00.000
2018,41,2,,2014-06-09T00:00:00.000
2019,155,2,,2014-06-09T00:00:00.000
2020,165,2,,2014-06-09T00:00:00.000
2021,143,2,,2014-06-09T00:00:00.000
2022,227,2,,2014-06-09T00:00:00.000
2023,234,2,,2014-06-09T00:00:00.000
2024,241,2,,2014-06-09T00:00:00.000
2025,237,2,,2014-06-09T00:00:00.000
2026,229,2,,2014-06-10T00:00:00.000
2027,185,2,,2014-06-10T00:00:00.000
2028,227,2,,2014-06-10T00:00:00.000
2029,244,2,,2014-06-10T00:00:00.000
2030,155,2,,2014-06-10T00:00:00.000
2031,158,2,,2014-06-10T00:00:00.000
2032,208,2,,2014-06-10T00:00:00.000
2033,207,2,,2014-06-10T00:00:00.000
2034,155,5,84,2014-06-10T00:00:00.000
2035,242,2,,2014-06-10T00:00:00.000
2036,237,2,,2014-06-10T00:00:00.000
2037,235,2,,2014-06-10T00:00:00.000
2038,234,3,,2014-06-10T00:00:00.000
2039,37,2,,2014-06-10T00:00:00.000
2040,30,2,,2014-06-10T00:00:00.000
2041,47,2,,2014-06-10T00:00:00.000
2042,53,2,,2014-06-10T00:00:00.000
2043,228,2,,2014-06-10T00:00:00.000
2044,234,2,,2014-06-10T00:00:00.000
2045,134,2,,2014-06-10T00:00:00.000
2046,188,2,,2014-06-10T00:00:00.000
2047,229,2,,2014-06-10T00:00:00.000
2048,242,2,,2014-06-10T00:00:00.000
2049,184,2,,2014-06-10T00:00:00.000
2050,205,2,,2014-06-10T00:00:00.000
2051,191,2,,2014-06-10T00:00:00.000
2052,194,2,,2014-06-10T00:00:00.000
2053,107,2,,2014-06-10T00:00:00.000
2054,112,2,,2014-06-10T00:00:00.000
2055,248,2,,2014-06-10T00:00:00.000
2056,37,2,,2014-06-10T00:00:00.000
2057,245,2,,2014-06-10T00:00:00.000
2058,247,2,,2014-06-10T00:00:00.000
2059,184,2,,2014-06-10T00:00:00.000
2060,155,2,,2014-06-10T00:00:00.000
2061,251,2,,2014-06-10T00:00:00.000
2062,251,1,,2014-06-10T00:00:00.000
2063,169,5,463,2014-06-10T00:00:00.000
2064,138,2,,2014-06-10T00:00:00.000
2065,155,5,463,2014-06-10T00:00:00.000
2066,254,2,,2014-06-10T00:00:00.000
2067,256,2,,2014-06-10T00:00:00.000
2068,254,2,,2014-06-10T00:00:00.000
2069,253,2,,2014-06-10T00:00:00.000
2070,227,2,,2014-06-10T00:00:00.000
2071,170,2,,2014-06-10T00:00:00.000
2072,169,2,,2014-06-10T00:00:00.000
2073,256,2,,2014-06-10T00:00:00.000
2074,252,2,,2014-06-10T00:00:00.000
2075,224,2,,2014-06-10T00:00:00.000
2076,256,2,,2014-06-10T00:00:00.000
2077,257,2,,2014-06-10T00:00:00.000
2078,253,2,,2014-06-10T00:00:00.000
2079,256,1,,2014-06-10T00:00:00.000
2080,213,2,,2014-06-10T00:00:00.000
2081,237,2,,2014-06-10T00:00:00.000
2082,262,2,,2014-06-10T00:00:00.000
2083,155,5,494,2014-06-10T00:00:00.000
2084,256,2,,2014-06-10T00:00:00.000
2085,265,2,,2014-06-10T00:00:00.000
2086,256,2,,2014-06-10T00:00:00.000
2087,270,2,,2014-06-10T00:00:00.000
2088,269,2,,2014-06-10T00:00:00.000
2089,268,2,,2014-06-10T00:00:00.000
2090,266,2,,2014-06-10T00:00:00.000
2091,271,2,,2014-06-10T00:00:00.000
2092,187,2,,2014-06-10T00:00:00.000
2093,272,2,,2014-06-10T00:00:00.000
2094,267,2,,2014-06-10T00:00:00.000
2095,266,3,,2014-06-10T00:00:00.000
2096,262,2,,2014-06-10T00:00:00.000
2097,274,2,,2014-06-10T00:00:00.000
2098,243,2,,2014-06-10T00:00:00.000
2099,274,2,,2014-06-10T00:00:00.000
2100,221,2,,2014-06-10T00:00:00.000
2101,261,2,,2014-06-10T00:00:00.000
2102,197,2,,2014-06-10T00:00:00.000
2103,259,2,,2014-06-10T00:00:00.000
2104,275,2,,2014-06-10T00:00:00.000
2105,226,2,,2014-06-10T00:00:00.000
2106,222,2,,2014-06-10T00:00:00.000
2107,214,2,,2014-06-10T00:00:00.000
2108,156,2,,2014-06-10T00:00:00.000
2109,201,2,,2014-06-10T00:00:00.000
2110,162,2,,2014-06-10T00:00:00.000
2111,200,2,,2014-06-10T00:00:00.000
2112,155,5,454,2014-06-10T00:00:00.000
2113,275,2,,2014-06-10T00:00:00.000
2114,259,2,,2014-06-10T00:00:00.000
2115,267,2,,2014-06-10T00:00:00.000
2116,268,2,,2014-06-10T00:00:00.000
2117,276,2,,2014-06-10T00:00:00.000
2118,125,3,,2014-06-10T00:00:00.000
2119,155,2,,2014-06-10T00:00:00.000
2120,277,2,,2014-06-10T00:00:00.000
2121,272,2,,2014-06-10T00:00:00.000
2122,266,2,,2014-06-10T00:00:00.000
2123,279,2,,2014-06-10T00:00:00.000
2124,280,2,,2014-06-10T00:00:00.000
2125,155,2,,2014-06-10T00:00:00.000
2126,158,2,,2014-06-10T00:00:00.000
2127,156,2,,2014-06-10T00:00:00.000
2128,162,2,,2014-06-10T00:00:00.000
2129,201,2,,2014-06-10T00:00:00.000
2130,214,2,,2014-06-10T00:00:00.000
2131,222,2,,2014-06-10T00:00:00.000
2132,226,2,,2014-06-10T00:00:00.000
2133,275,2,,2014-06-10T00:00:00.000
2134,276,2,,2014-06-10T00:00:00.000
2135,279,2,,2014-06-10T00:00:00.000
2136,272,2,,2014-06-10T00:00:00.000
2137,267,2,,2014-06-10T00:00:00.000
2138,253,2,,2014-06-10T00:00:00.000
2139,253,5,544,2014-06-10T00:00:00.000
2140,275,2,,2014-06-10T00:00:00.000
2141,158,2,,2014-06-10T00:00:00.000
2142,122,2,,2014-06-10T00:00:00.000
2143,113,2,,2014-06-10T00:00:00.000
2144,247,2,,2014-06-10T00:00:00.000
2145,235,2,,2014-06-10T00:00:00.000
2146,219,2,,2014-06-10T00:00:00.000
2147,220,2,,2014-06-10T00:00:00.000
2148,218,2,,2014-06-10T00:00:00.000
2150,283,10,,2014-06-10T00:00:00.000
2154,280,2,,2014-06-10T00:00:00.000
2155,265,2,,2014-06-10T00:00:00.000
2156,158,2,,2014-06-10T00:00:00.000
2157,253,3,,2014-06-10T00:00:00.000
2158,272,2,,2014-06-10T00:00:00.000
2159,267,2,,2014-06-10T00:00:00.000
2160,256,2,,2014-06-10T00:00:00.000
2161,257,2,,2014-06-10T00:00:00.000
2162,286,2,,2014-06-10T00:00:00.000
2163,255,2,,2014-06-10T00:00:00.000
2164,273,2,,2014-06-10T00:00:00.000
2165,253,5,562,2014-06-10T00:00:00.000
2166,266,2,,2014-06-10T00:00:00.000
2167,266,5,292,2014-06-10T00:00:00.000
2168,288,2,,2014-06-10T00:00:00.000
2169,155,2,,2014-06-10T00:00:00.000
2170,234,2,,2014-06-10T00:00:00.000
2171,155,2,,2014-06-10T00:00:00.000
2172,267,2,,2014-06-10T00:00:00.000
2173,226,2,,2014-06-10T00:00:00.000
2174,275,2,,2014-06-10T00:00:00.000
2175,279,2,,2014-06-10T00:00:00.000
2176,276,2,,2014-06-10T00:00:00.000
2177,259,2,,2014-06-10T00:00:00.000
2178,246,2,,2014-06-10T00:00:00.000
2179,246,1,,2014-06-10T00:00:00.000
2180,266,2,,2014-06-10T00:00:00.000
2181,268,2,,2014-06-10T00:00:00.000
2182,272,2,,2014-06-10T00:00:00.000
2183,277,2,,2014-06-10T00:00:00.000
2184,280,2,,2014-06-10T00:00:00.000
2185,284,2,,2014-06-10T00:00:00.000
2186,262,2,,2014-06-10T00:00:00.000
2187,256,2,,2014-06-10T00:00:00.000
2188,296,2,,2014-06-10T00:00:00.000
2189,267,2,,2014-06-10T00:00:00.000
2190,3,2,,2014-06-10T00:00:00.000
2191,24,2,,2014-06-10T00:00:00.000
2192,291,2,,2014-06-10T00:00:00.000
2193,297,2,,2014-06-10T00:00:00.000
2194,296,2,,2014-06-10T00:00:00.000
2195,242,2,,2014-06-10T00:00:00.000
2196,289,2,,2014-06-11T00:00:00.000
2197,292,2,,2014-06-11T00:00:00.000
2198,295,2,,2014-06-11T00:00:00.000
2199,298,2,,2014-06-11T00:00:00.000
2200,291,2,,2014-06-11T00:00:00.000
2201,299,2,,2014-06-11T00:00:00.000
2202,280,2,,2014-06-11T00:00:00.000
2203,294,2,,2014-06-11T00:00:00.000
2204,256,2,,2014-06-11T00:00:00.000
2205,253,2,,2014-06-11T00:00:00.000
2206,304,2,,2014-06-11T00:00:00.000
2207,304,2,,2014-06-11T00:00:00.000
2208,299,2,,2014-06-11T00:00:00.000
2209,1,2,,2014-06-11T00:00:00.000
2210,4,2,,2014-06-11T00:00:00.000
2211,289,3,,2014-06-11T00:00:00.000
2212,267,2,,2014-06-11T00:00:00.000
2213,253,2,,2014-06-11T00:00:00.000
2214,253,5,629,2014-06-11T00:00:00.000
2215,19,2,,2014-06-11T00:00:00.000
2216,37,2,,2014-06-11T00:00:00.000
2217,21,2,,2014-06-11T00:00:00.000
2218,30,2,,2014-06-11T00:00:00.000
2219,305,2,,2014-06-11T00:00:00.000
2220,272,1,,2014-06-11T00:00:00.000
2221,277,2,,2014-06-11T00:00:00.000
2222,285,2,,2014-06-11T00:00:00.000
2223,282,2,,2014-06-11T00:00:00.000
2224,285,1,,2014-06-11T00:00:00.000
2225,303,2,,2014-06-11T00:00:00.000
2226,299,2,,2014-06-11T00:00:00.000
2228,289,2,,2014-06-11T00:00:00.000
2229,291,2,,2014-06-11T00:00:00.000
2230,298,2,,2014-06-11T00:00:00.000
2231,294,2,,2014-06-11T00:00:00.000
2232,192,2,,2014-06-11T00:00:00.000
2233,198,2,,2014-06-11T00:00:00.000
2234,192,5,454,2014-06-11T00:00:00.000
2235,284,2,,2014-06-11T00:00:00.000
2236,288,2,,2014-06-11T00:00:00.000
2237,302,2,,2014-06-11T00:00:00.000
2238,41,2,,2014-06-11T00:00:00.000
2239,44,2,,2014-06-11T00:00:00.000
2240,308,2,,2014-06-11T00:00:00.000
2241,300,2,,2014-06-11T00:00:00.000
2242,305,2,,2014-06-11T00:00:00.000
2243,52,2,,2014-06-11T00:00:00.000
2244,309,2,,2014-06-11T00:00:00.000
2245,308,2,,2014-06-11T00:00:00.000
2246,309,2,,2014-06-11T00:00:00.000
2247,304,2,,2014-06-11T00:00:00.000
2248,299,2,,2014-06-11T00:00:00.000
2249,304,2,,2014-06-11T00:00:00.000
2250,287,2,,2014-06-11T00:00:00.000
2251,267,2,,2014-06-11T00:00:00.000
2252,256,2,,2014-06-11T00:00:00.000
2253,310,2,,2014-06-11T00:00:00.000
2254,310,2,,2014-06-11T00:00:00.000
2255,305,2,,2014-06-11T00:00:00.000
2256,306,2,,2014-06-11T00:00:00.000
2257,309,2,,2014-06-11T00:00:00.000
2258,253,2,,2014-06-11T00:00:00.000
2259,307,2,,2014-06-11T00:00:00.000
2260,308,2,,2014-06-11T00:00:00.000
2261,267,2,,2014-06-11T00:00:00.000
2262,256,2,,2014-06-11T00:00:00.000
2263,307,2,,2014-06-11T00:00:00.000
2264,312,2,,2014-06-11T00:00:00.000
2265,312,2,,2014-06-11T00:00:00.000
2266,293,2,,2014-06-11T00:00:00.000
2267,293,1,,2014-06-11T00:00:00.000
2269,313,5,587,2014-06-11T00:00:00.000
2270,256,2,,2014-06-11T00:00:00.000
2271,253,2,,2014-06-11T00:00:00.000
2272,35,2,,2014-06-11T00:00:00.000
2273,267,2,,2014-06-11T00:00:00.000
2274,256,2,,2014-06-11T00:00:00.000
2275,314,2,,2014-06-11T00:00:00.000
2276,224,5,673,2014-06-11T00:00:00.000
2277,305,16,,2014-06-11T00:00:00.000
2278,309,2,,2014-06-11T00:00:00.000
2280,291,1,,2014-06-11T00:00:00.000
2281,60,2,,2014-06-11T00:00:00.000
2282,155,5,478,2014-06-11T00:00:00.000
2283,309,1,,2014-06-11T00:00:00.000
2284,314,2,,2014-06-11T00:00:00.000
2285,316,2,,2014-06-11T00:00:00.000
2286,316,1,,2014-06-11T00:00:00.000
2287,84,2,,2014-06-11T00:00:00.000
2288,279,2,,2014-06-11T00:00:00.000
2289,282,2,,2014-06-11T00:00:00.000
2290,265,2,,2014-06-11T00:00:00.000
2291,247,2,,2014-06-11T00:00:00.000
2292,71,2,,2014-06-11T00:00:00.000
2293,84,2,,2014-06-11T00:00:00.000
2294,84,2,,2014-06-11T00:00:00.000
2295,73,2,,2014-06-11T00:00:00.000
2296,313,2,,2014-06-11T00:00:00.000
2297,318,2,,2014-06-11T00:00:00.000
2298,278,2,,2014-06-11T00:00:00.000
2299,290,2,,2014-06-11T00:00:00.000
2300,317,2,,2014-06-11T00:00:00.000
2301,266,5,434,2014-06-11T00:00:00.000
2302,319,2,,2014-06-11T00:00:00.000
2303,316,2,,2014-06-11T00:00:00.000
2304,298,2,,2014-06-11T00:00:00.000
2305,291,2,,2014-06-11T00:00:00.000
2306,289,2,,2014-06-11T00:00:00.000
2307,314,2,,2014-06-11T00:00:00.000
2308,292,2,,2014-06-11T00:00:00.000
2309,295,2,,2014-06-11T00:00:00.000
2310,139,1,,2014-06-11T00:00:00.000
2311,87,1,,2014-06-11T00:00:00.000
2312,272,2,,2014-06-11T00:00:00.000
2313,319,16,,2014-06-11T00:00:00.000
2314,125,15,,2014-06-11T00:00:00.000
2315,200,15,,2014-06-11T00:00:00.000
2316,316,2,,2014-06-11T00:00:00.000
2317,319,2,,2014-06-11T00:00:00.000
2318,315,2,,2014-06-11T00:00:00.000
2319,313,2,,2014-06-11T00:00:00.000
2320,320,2,,2014-06-11T00:00:00.000
2321,320,2,,2014-06-11T00:00:00.000
2322,316,2,,2014-06-11T00:00:00.000
2323,60,2,,2014-06-11T00:00:00.000
2324,59,2,,2014-06-11T00:00:00.000
2325,315,2,,2014-06-11T00:00:00.000
2326,322,2,,2014-06-11T00:00:00.000
2327,215,2,,2014-06-11T00:00:00.000
2328,46,2,,2014-06-11T00:00:00.000
2329,58,2,,2014-06-11T00:00:00.000
2330,235,2,,2014-06-12T00:00:00.000
2331,237,2,,2014-06-12T00:00:00.000
2332,247,2,,2014-06-12T00:00:00.000
2333,322,2,,2014-06-12T00:00:00.000
2334,321,2,,2014-06-12T00:00:00.000
2335,22,2,,2014-06-12T00:00:00.000
2336,24,2,,2014-06-12T00:00:00.000
2337,264,2,,2014-06-12T00:00:00.000
2338,34,2,,2014-06-12T00:00:00.000
2339,327,2,,2014-06-12T00:00:00.000
2340,327,2,,2014-06-12T00:00:00.000
2342,299,5,723,2014-06-12T00:00:00.000
2343,305,5,723,2014-06-12T00:00:00.000
2344,155,5,723,2014-06-12T00:00:00.000
2345,282,2,,2014-06-12T00:00:00.000
2346,326,2,,2014-06-12T00:00:00.000
2347,327,2,,2014-06-12T00:00:00.000
2348,328,2,,2014-06-12T00:00:00.000
2349,323,2,,2014-06-12T00:00:00.000
2350,331,2,,2014-06-12T00:00:00.000
2351,320,2,,2014-06-12T00:00:00.000
2352,319,2,,2014-06-12T00:00:00.000
2353,320,2,,2014-06-12T00:00:00.000
2354,334,2,,2014-06-12T00:00:00.000
2355,335,2,,2014-06-12T00:00:00.000
2356,331,16,,2014-06-12T00:00:00.000
2357,335,3,,2014-06-12T00:00:00.000
2362,338,2,,2014-06-12T00:00:00.000
2363,316,2,,2014-06-12T00:00:00.000
2364,339,2,,2014-06-12T00:00:00.000
2365,313,5,743,2014-06-12T00:00:00.000
2366,342,10,,2014-06-12T00:00:00.000
2367,304,2,,2014-06-12T00:00:00.000
2368,215,5,399,2014-06-12T00:00:00.000
2369,322,1,,2014-06-12T00:00:00.000
2370,339,2,,2014-06-12T00:00:00.000
2371,335,2,,2014-06-12T00:00:00.000
2372,299,5,524,2014-06-12T00:00:00.000
2373,339,3,,2014-06-12T00:00:00.000
2374,337,2,,2014-06-12T00:00:00.000
2375,341,2,,2014-06-12T00:00:00.000
2376,335,2,,2014-06-12T00:00:00.000
2377,337,2,,2014-06-12T00:00:00.000
2378,22,2,,2014-06-12T00:00:00.000
2379,24,2,,2014-06-12T00:00:00.000
2380,336,2,,2014-06-12T00:00:00.000
2381,235,16,,2014-06-12T00:00:00.000
2382,247,2,,2014-06-12T00:00:00.000
2383,330,2,,2014-06-12T00:00:00.000
2384,340,2,,2014-06-12T00:00:00.000
2385,319,16,,2014-06-12T00:00:00.000
2386,329,10,,2014-06-12T00:00:00.000
2387,344,10,,2014-06-12T00:00:00.000
2388,200,15,,2014-06-12T00:00:00.000
2389,203,15,,2014-06-12T00:00:00.000
2391,345,2,,2014-06-12T00:00:00.000
2392,203,11,,2014-06-12T00:00:00.000
2393,253,15,,2014-06-12T00:00:00.000
2394,289,15,,2014-06-12T00:00:00.000
2395,322,15,,2014-06-12T00:00:00.000
2396,322,3,,2014-06-12T00:00:00.000
2397,324,15,,2014-06-12T00:00:00.000
2398,330,15,,2014-06-12T00:00:00.000
2399,291,2,,2014-06-12T00:00:00.000
2400,313,5,554,2014-06-12T00:00:00.000
2401,235,2,,2014-06-12T00:00:00.000
2402,299,2,,2014-06-12T00:00:00.000
2403,253,2,,2014-06-12T00:00:00.000
2404,256,2,,2014-06-12T00:00:00.000
2405,309,2,,2014-06-12T00:00:00.000
2406,305,2,,2014-06-12T00:00:00.000
2407,341,2,,2014-06-12T00:00:00.000
2408,334,2,,2014-06-12T00:00:00.000
2409,334,5,456,2014-06-12T00:00:00.000
2410,334,2,,2014-06-12T00:00:00.000
2411,331,2,,2014-06-12T00:00:00.000
2412,338,2,,2014-06-12T00:00:00.000
2413,348,2,,2014-06-12T00:00:00.000
2414,266,5,769,2014-06-12T00:00:00.000
2415,320,2,,2014-06-12T00:00:00.000
2416,322,2,,2014-06-12T00:00:00.000
2417,348,2,,2014-06-12T00:00:00.000
2418,338,2,,2014-06-12T00:00:00.000
2419,334,2,,2014-06-12T00:00:00.000
2420,348,2,,2014-06-12T00:00:00.000
2421,334,2,,2014-06-12T00:00:00.000
2422,348,2,,2014-06-12T00:00:00.000
2423,338,2,,2014-06-12T00:00:00.000
2424,335,2,,2014-06-12T00:00:00.000
2425,321,16,,2014-06-12T00:00:00.000
2426,326,16,,2014-06-12T00:00:00.000
2427,315,2,,2014-06-12T00:00:00.000
2428,349,2,,2014-06-12T00:00:00.000
2429,313,5,782,2014-06-12T00:00:00.000
2430,327,2,,2014-06-12T00:00:00.000
2431,277,2,,2014-06-12T00:00:00.000
2432,350,16,,2014-06-12T00:00:00.000
2433,340,2,,2014-06-12T00:00:00.000
2434,334,2,,2014-06-13T00:00:00.000
2435,350,3,,2014-06-13T00:00:00.000
2436,334,3,,2014-06-13T00:00:00.000
2437,349,2,,2014-06-13T00:00:00.000
2438,350,3,,2014-06-13T00:00:00.000
2439,351,2,,2014-06-13T00:00:00.000
2440,351,2,,2014-06-13T00:00:00.000
2441,349,2,,2014-06-13T00:00:00.000
2442,335,2,,2014-06-13T00:00:00.000
2443,338,2,,2014-06-13T00:00:00.000
2444,334,2,,2014-06-13T00:00:00.000
2445,334,5,53,2014-06-13T00:00:00.000
2446,350,3,,2014-06-13T00:00:00.000
2447,345,2,,2014-06-13T00:00:00.000
2448,313,2,,2014-06-13T00:00:00.000
2449,313,5,433,2014-06-13T00:00:00.000
2450,116,2,,2014-06-13T00:00:00.000
2451,204,2,,2014-06-13T00:00:00.000
2452,121,2,,2014-06-13T00:00:00.000
2453,22,2,,2014-06-13T00:00:00.000
2454,37,2,,2014-06-13T00:00:00.000
2455,19,2,,2014-06-13T00:00:00.000
2456,116,2,,2014-06-13T00:00:00.000
2457,121,2,,2014-06-13T00:00:00.000
2458,253,2,,2014-06-13T00:00:00.000
2459,235,3,,2014-06-13T00:00:00.000
2460,38,3,,2014-06-13T00:00:00.000
2461,340,2,,2014-06-13T00:00:00.000
2462,354,3,,2014-06-13T00:00:00.000
2463,353,3,,2014-06-13T00:00:00.000
2464,324,3,,2014-06-13T00:00:00.000
2465,321,3,,2014-06-13T00:00:00.000
2466,354,3,,2014-06-13T00:00:00.000
2467,351,2,,2014-06-13T00:00:00.000
2468,326,5,736,2014-06-13T00:00:00.000
2469,24,1,,2014-06-13T00:00:00.000
2470,274,2,,2014-06-13T00:00:00.000
2471,339,2,,2014-06-13T00:00:00.000
2472,352,2,,2014-06-13T00:00:00.000
2473,345,2,,2014-06-13T00:00:00.000
2474,355,2,,2014-06-13T00:00:00.000
2475,334,2,,2014-06-13T00:00:00.000
2476,355,2,,2014-06-13T00:00:00.000
2477,355,1,,2014-06-13T00:00:00.000
2478,356,16,,2014-06-13T00:00:00.000
2479,338,1,,2014-06-13T00:00:00.000
2480,357,2,,2014-06-13T00:00:00.000
2481,358,2,,2014-06-13T00:00:00.000
2482,355,2,,2014-06-13T00:00:00.000
2483,253,2,,2014-06-13T00:00:00.000
2484,267,2,,2014-06-13T00:00:00.000
2485,357,2,,2014-06-13T00:00:00.000
2486,266,5,736,2014-06-13T00:00:00.000
2487,359,2,,2014-06-13T00:00:00.000
2488,335,2,,2014-06-13T00:00:00.000
2489,349,2,,2014-06-13T00:00:00.000
2490,358,2,,2014-06-13T00:00:00.000
2491,356,2,,2014-06-13T00:00:00.000
2492,335,2,,2014-06-13T00:00:00.000
2493,349,2,,2014-06-13T00:00:00.000
2494,357,2,,2014-06-13T00:00:00.000
2495,71,5,801,2014-06-13T00:00:00.000
2496,349,2,,2014-06-13T00:00:00.000
2497,360,2,,2014-06-13T00:00:00.000
2498,62,2,,2014-06-13T00:00:00.000
2499,61,2,,2014-06-13T00:00:00.000
2500,61,5,808,2014-06-13T00:00:00.000
2501,337,2,,2014-06-13T00:00:00.000
2502,349,2,,2014-06-13T00:00:00.000
2503,334,2,,2014-06-13T00:00:00.000
2504,338,2,,2014-06-13T00:00:00.000
2505,349,2,,2014-06-13T00:00:00.000
2506,356,16,,2014-06-13T00:00:00.000
2507,349,2,,2014-06-13T00:00:00.000
2508,360,2,,2014-06-13T00:00:00.000
2509,361,2,,2014-06-13T00:00:00.000
2510,322,2,,2014-06-13T00:00:00.000
2512,356,2,,2014-06-13T00:00:00.000
2513,363,2,,2014-06-13T00:00:00.000
2514,354,2,,2014-06-13T00:00:00.000
2515,355,2,,2014-06-13T00:00:00.000
2516,359,2,,2014-06-13T00:00:00.000
2517,350,2,,2014-06-13T00:00:00.000
2518,362,2,,2014-06-13T00:00:00.000
2519,363,2,,2014-06-13T00:00:00.000
2520,361,2,,2014-06-13T00:00:00.000
2521,365,2,,2014-06-13T00:00:00.000
2522,349,2,,2014-06-13T00:00:00.000
2524,357,2,,2014-06-13T00:00:00.000
2525,204,2,,2014-06-13T00:00:00.000
2526,313,2,,2014-06-13T00:00:00.000
2527,235,5,554,2014-06-13T00:00:00.000
2528,333,3,,2014-06-13T00:00:00.000
2529,334,2,,2014-06-13T00:00:00.000
2530,297,2,,2014-06-14T00:00:00.000
2532,337,2,,2014-06-14T00:00:00.000
2533,339,2,,2014-06-14T00:00:00.000
2534,336,2,,2014-06-14T00:00:00.000
2535,331,2,,2014-06-14T00:00:00.000
2536,366,2,,2014-06-14T00:00:00.000
2537,362,2,,2014-06-14T00:00:00.000
2538,361,2,,2014-06-14T00:00:00.000
2539,235,3,,2014-06-14T00:00:00.000
2540,366,2,,2014-06-14T00:00:00.000
2541,366,2,,2014-06-14T00:00:00.000
2542,349,2,,2014-06-14T00:00:00.000
2543,337,2,,2014-06-14T00:00:00.000
2544,339,2,,2014-06-14T00:00:00.000
2545,334,2,,2014-06-14T00:00:00.000
2546,266,2,,2014-06-14T00:00:00.000
2547,272,2,,2014-06-14T00:00:00.000
2548,277,2,,2014-06-14T00:00:00.000
2549,313,2,,2014-06-14T00:00:00.000
2550,314,2,,2014-06-14T00:00:00.000
2551,345,2,,2014-06-14T00:00:00.000
2552,253,2,,2014-06-14T00:00:00.000
2553,256,2,,2014-06-14T00:00:00.000
2554,158,2,,2014-06-14T00:00:00.000
2555,155,2,,2014-06-14T00:00:00.000
2556,155,5,780,2014-06-14T00:00:00.000
2557,215,2,,2014-06-14T00:00:00.000
2558,242,2,,2014-06-14T00:00:00.000
2559,128,2,,2014-06-14T00:00:00.000
2560,155,5,836,2014-06-14T00:00:00.000
2561,155,2,,2014-06-14T00:00:00.000
2562,308,2,,2014-06-14T00:00:00.000
2563,365,2,,2014-06-14T00:00:00.000
2564,370,2,,2014-06-14T00:00:00.000
2565,370,2,,2014-06-14T00:00:00.000
2566,53,2,,2014-06-14T00:00:00.000
2567,51,2,,2014-06-14T00:00:00.000
2569,370,2,,2014-06-14T00:00:00.000
2570,372,2,,2014-06-14T00:00:00.000
2571,373,2,,2014-06-14T00:00:00.000
2572,368,2,,2014-06-14T00:00:00.000
2573,308,2,,2014-06-14T00:00:00.000
2574,371,2,,2014-06-14T00:00:00.000
2575,374,2,,2014-06-14T00:00:00.000
2578,292,2,,2014-06-14T00:00:00.000
2579,325,2,,2014-06-15T00:00:00.000
2580,377,2,,2014-06-15T00:00:00.000
2581,379,2,,2014-06-15T00:00:00.000
2582,169,2,,2014-06-15T00:00:00.000
2583,170,2,,2014-06-15T00:00:00.000
2584,354,3,,2014-06-15T00:00:00.000
2585,350,3,,2014-06-15T00:00:00.000
2586,378,16,,2014-06-15T00:00:00.000
2587,382,2,,2014-06-15T00:00:00.000
2588,383,2,,2014-06-15T00:00:00.000
2589,384,2,,2014-06-15T00:00:00.000
2590,349,2,,2014-06-15T00:00:00.000
2591,385,2,,2014-06-15T00:00:00.000
2592,386,2,,2014-06-15T00:00:00.000
2593,384,2,,2014-06-15T00:00:00.000
2594,387,2,,2014-06-15T00:00:00.000
2595,388,2,,2014-06-15T00:00:00.000
2596,382,2,,2014-06-15T00:00:00.000
2597,355,2,,2014-06-15T00:00:00.000
2598,390,2,,2014-06-15T00:00:00.000
2599,389,2,,2014-06-15T00:00:00.000
2600,386,2,,2014-06-15T00:00:00.000
2601,390,2,,2014-06-15T00:00:00.000
2602,377,2,,2014-06-15T00:00:00.000
2603,359,1,,2014-06-15T00:00:00.000
2604,1,2,,2014-06-15T00:00:00.000
2605,4,2,,2014-06-15T00:00:00.000
2607,389,2,,2014-06-15T00:00:00.000
2608,224,9,,2014-06-15T00:00:00.000
2609,387,2,,2014-06-15T00:00:00.000
2610,388,2,,2014-06-15T00:00:00.000
2611,390,2,,2014-06-15T00:00:00.000
2612,384,2,,2014-06-15T00:00:00.000
2613,386,2,,2014-06-15T00:00:00.000
2614,393,2,,2014-06-15T00:00:00.000
2615,388,1,,2014-06-15T00:00:00.000
2616,334,2,,2014-06-15T00:00:00.000
2617,215,2,,2014-06-16T00:00:00.000
2618,394,2,,2014-06-16T00:00:00.000
2619,334,2,,2014-06-16T00:00:00.000
2620,349,2,,2014-06-16T00:00:00.000
2621,172,2,,2014-06-16T00:00:00.000
2622,103,5,869,2014-06-16T00:00:00.000
2623,396,2,,2014-06-16T00:00:00.000
2624,384,2,,2014-06-16T00:00:00.000
2625,386,2,,2014-06-16T00:00:00.000
2626,395,2,,2014-06-16T00:00:00.000
2627,375,2,,2014-06-16T00:00:00.000
2628,394,2,,2014-06-16T00:00:00.000
2629,387,2,,2014-06-16T00:00:00.000
2630,392,2,,2014-06-16T00:00:00.000
2631,378,2,,2014-06-16T00:00:00.000
2632,349,2,,2014-06-16T00:00:00.000
2633,334,2,,2014-06-16T00:00:00.000
2634,351,2,,2014-06-16T00:00:00.000
2635,393,2,,2014-06-16T00:00:00.000
2636,396,2,,2014-06-16T00:00:00.000
2637,395,2,,2014-06-16T00:00:00.000
2638,398,2,,2014-06-16T00:00:00.000
2639,398,2,,2014-06-16T00:00:00.000
2640,387,2,,2014-06-16T00:00:00.000
2641,388,2,,2014-06-16T00:00:00.000
2643,73,2,,2014-06-16T00:00:00.000
2644,395,1,,2014-06-16T00:00:00.000
2645,394,1,,2014-06-16T00:00:00.000
2646,395,2,,2014-06-16T00:00:00.000
2647,386,2,,2014-06-16T00:00:00.000
2648,333,10,,2014-06-16T00:00:00.000
2649,382,2,,2014-06-16T00:00:00.000
2650,395,2,,2014-06-16T00:00:00.000
2651,400,2,,2014-06-16T00:00:00.000
2652,61,3,,2014-06-16T00:00:00.000
2653,398,2,,2014-06-16T00:00:00.000
2654,384,2,,2014-06-16T00:00:00.000
2655,223,2,,2014-06-16T00:00:00.000
2656,404,2,,2014-06-16T00:00:00.000
2657,404,2,,2014-06-16T00:00:00.000
2658,223,2,,2014-06-16T00:00:00.000
2659,398,2,,2014-06-16T00:00:00.000
2660,103,2,,2014-06-16T00:00:00.000
2661,400,2,,2014-06-16T00:00:00.000
2662,398,2,,2014-06-16T00:00:00.000
2663,405,2,,2014-06-16T00:00:00.000
2664,400,2,,2014-06-16T00:00:00.000
2665,405,2,,2014-06-16T00:00:00.000
2666,223,5,227,2014-06-16T00:00:00.000
2667,402,2,,2014-06-16T00:00:00.000
2668,404,2,,2014-06-16T00:00:00.000
2670,313,2,,2014-06-16T00:00:00.000
2671,313,2,,2014-06-16T00:00:00.000
2672,313,5,97,2014-06-16T00:00:00.000
2673,345,2,,2014-06-16T00:00:00.000
2674,405,2,,2014-06-16T00:00:00.000
2675,307,2,,2014-06-16T00:00:00.000
2676,408,2,,2014-06-16T00:00:00.000
2677,345,2,,2014-06-16T00:00:00.000
2678,386,2,,2014-06-16T00:00:00.000
2679,372,2,,2014-06-16T00:00:00.000
2680,313,5,891,2014-06-16T00:00:00.000
2681,404,2,,2014-06-16T00:00:00.000
2682,408,2,,2014-06-16T00:00:00.000
2683,409,2,,2014-06-16T00:00:00.000
2684,406,2,,2014-06-16T00:00:00.000
2685,408,2,,2014-06-16T00:00:00.000
2686,409,2,,2014-06-16T00:00:00.000
2687,385,2,,2014-06-16T00:00:00.000
2688,383,2,,2014-06-16T00:00:00.000
2689,410,2,,2014-06-16T00:00:00.000
2690,410,2,,2014-06-16T00:00:00.000
2691,410,2,,2014-06-16T00:00:00.000
2692,129,2,,2014-06-16T00:00:00.000
2693,409,2,,2014-06-16T00:00:00.000
2694,410,2,,2014-06-16T00:00:00.000
2695,371,2,,2014-06-16T00:00:00.000
2696,410,2,,2014-06-16T00:00:00.000
2697,223,2,,2014-06-16T00:00:00.000
2698,404,2,,2014-06-16T00:00:00.000
2699,406,2,,2014-06-16T00:00:00.000
2700,405,2,,2014-06-16T00:00:00.000
2701,400,2,,2014-06-16T00:00:00.000
2702,410,16,,2014-06-16T00:00:00.000
2703,408,2,,2014-06-16T00:00:00.000
2704,406,2,,2014-06-16T00:00:00.000
2705,405,2,,2014-06-16T00:00:00.000
2706,411,2,,2014-06-16T00:00:00.000
2707,404,2,,2014-06-16T00:00:00.000
2708,405,2,,2014-06-16T00:00:00.000
2709,395,2,,2014-06-16T00:00:00.000
2710,396,2,,2014-06-16T00:00:00.000
2711,394,2,,2014-06-16T00:00:00.000
2712,411,2,,2014-06-16T00:00:00.000
2713,369,16,,2014-06-16T00:00:00.000
2715,414,2,,2014-06-16T00:00:00.000
2717,415,2,,2014-06-16T00:00:00.000
2718,410,5,550,2014-06-16T00:00:00.000
2719,414,2,,2014-06-16T00:00:00.000
2720,410,2,,2014-06-16T00:00:00.000
2721,155,5,550,2014-06-16T00:00:00.000
2722,413,2,,2014-06-16T00:00:00.000
2723,405,2,,2014-06-16T00:00:00.000
2724,413,2,,2014-06-16T00:00:00.000
2725,415,2,,2014-06-16T00:00:00.000
2726,361,2,,2014-06-16T00:00:00.000
2727,374,1,,2014-06-16T00:00:00.000
2728,410,2,,2014-06-16T00:00:00.000
2729,414,2,,2014-06-16T00:00:00.000
2730,130,2,,2014-06-16T00:00:00.000
2731,413,2,,2014-06-16T00:00:00.000
2732,415,2,,2014-06-16T00:00:00.000
2733,404,2,,2014-06-16T00:00:00.000
2734,405,2,,2014-06-16T00:00:00.000
2735,396,2,,2014-06-16T00:00:00.000
2736,414,2,,2014-06-16T00:00:00.000
2737,345,2,,2014-06-16T00:00:00.000
2738,313,2,,2014-06-16T00:00:00.000
2739,407,2,,2014-06-16T00:00:00.000
2740,410,2,,2014-06-16T00:00:00.000
2741,414,2,,2014-06-16T00:00:00.000
2743,130,2,,2014-06-17T00:00:00.000
2744,418,2,,2014-06-17T00:00:00.000
2745,408,2,,2014-06-17T00:00:00.000
2746,409,2,,2014-06-17T00:00:00.000
2747,412,2,,2014-06-17T00:00:00.000
2748,415,2,,2014-06-17T00:00:00.000
2749,155,2,,2014-06-17T00:00:00.000
2750,155,5,906,2014-06-17T00:00:00.000
2751,424,5,906,2014-06-17T00:00:00.000
2752,424,2,,2014-06-17T00:00:00.000
2753,132,2,,2014-06-17T00:00:00.000
2754,130,2,,2014-06-17T00:00:00.000
2755,265,2,,2014-06-17T00:00:00.000
2756,155,2,,2014-06-17T00:00:00.000
2757,422,2,,2014-06-17T00:00:00.000
2758,425,2,,2014-06-17T00:00:00.000
2759,421,2,,2014-06-17T00:00:00.000
2760,423,2,,2014-06-17T00:00:00.000
2761,422,2,,2014-06-17T00:00:00.000
2762,412,2,,2014-06-17T00:00:00.000
2763,59,2,,2014-06-17T00:00:00.000
2764,429,2,,2014-06-17T00:00:00.000
2765,422,2,,2014-06-17T00:00:00.000
2766,422,2,,2014-06-17T00:00:00.000
2767,422,5,846,2014-06-17T00:00:00.000
2768,421,2,,2014-06-17T00:00:00.000
2769,429,2,,2014-06-17T00:00:00.000
2770,425,2,,2014-06-17T00:00:00.000
2771,424,2,,2014-06-17T00:00:00.000
2772,432,2,,2014-06-17T00:00:00.000
2773,430,2,,2014-06-17T00:00:00.000
2774,430,2,,2014-06-17T00:00:00.000
2775,430,16,,2014-06-17T00:00:00.000
2776,433,2,,2014-06-17T00:00:00.000
2777,155,2,,2014-06-17T00:00:00.000
2778,158,2,,2014-06-17T00:00:00.000
2779,201,2,,2014-06-17T00:00:00.000
2780,156,2,,2014-06-17T00:00:00.000
2781,162,2,,2014-06-17T00:00:00.000
2782,435,2,,2014-06-17T00:00:00.000
2783,435,16,,2014-06-17T00:00:00.000
2784,189,2,,2014-06-17T00:00:00.000
2785,406,2,,2014-06-17T00:00:00.000
2786,409,2,,2014-06-17T00:00:00.000
2787,408,2,,2014-06-17T00:00:00.000
2788,424,2,,2014-06-17T00:00:00.000
2789,415,2,,2014-06-17T00:00:00.000
2790,435,2,,2014-06-17T00:00:00.000
2791,434,2,,2014-06-17T00:00:00.000
2792,411,3,,2014-06-17T00:00:00.000
2793,398,3,,2014-06-17T00:00:00.000
2794,371,3,,2014-06-17T00:00:00.000
2795,427,3,,2014-06-17T00:00:00.000
2796,424,2,,2014-06-17T00:00:00.000
2797,412,2,,2014-06-17T00:00:00.000
2798,382,2,,2014-06-17T00:00:00.000
2799,412,16,,2014-06-17T00:00:00.000
2800,423,3,,2014-06-17T00:00:00.000
2801,19,3,,2014-06-17T00:00:00.000
2802,59,2,,2014-06-17T00:00:00.000
2803,316,2,,2014-06-17T00:00:00.000
2804,62,2,,2014-06-17T00:00:00.000
2805,64,2,,2014-06-17T00:00:00.000
2806,428,2,,2014-06-17T00:00:00.000
2807,371,2,,2014-06-17T00:00:00.000
2808,374,2,,2014-06-17T00:00:00.000
2809,410,2,,2014-06-17T00:00:00.000
2810,414,2,,2014-06-17T00:00:00.000
2811,256,2,,2014-06-17T00:00:00.000
2812,412,2,,2014-06-17T00:00:00.000
2813,267,2,,2014-06-17T00:00:00.000
2814,416,2,,2014-06-17T00:00:00.000
2815,436,2,,2014-06-17T00:00:00.000
2816,421,16,,2014-06-17T00:00:00.000
2817,14,16,,2014-06-17T00:00:00.000
2818,403,16,,2014-06-17T00:00:00.000
2819,406,16,,2014-06-17T00:00:00.000
2820,189,16,,2014-06-17T00:00:00.000
2821,370,16,,2014-06-17T00:00:00.000
2822,310,2,,2014-06-17T00:00:00.000
2823,249,2,,2014-06-17T00:00:00.000
2824,228,2,,2014-06-17T00:00:00.000
2825,420,2,,2014-06-17T00:00:00.000
2826,352,2,,2014-06-17T00:00:00.000
2827,369,2,,2014-06-17T00:00:00.000
2828,258,2,,2014-06-17T00:00:00.000
2829,252,2,,2014-06-17T00:00:00.000
2830,323,2,,2014-06-17T00:00:00.000
2831,332,2,,2014-06-17T00:00:00.000
2832,325,2,,2014-06-17T00:00:00.000
2833,253,2,,2014-06-17T00:00:00.000
2834,256,2,,2014-06-17T00:00:00.000
2835,263,2,,2014-06-17T00:00:00.000
2837,372,2,,2014-06-17T00:00:00.000
2838,370,2,,2014-06-17T00:00:00.000
2840,436,1,,2014-06-17T00:00:00.000
2841,405,1,,2014-06-17T00:00:00.000
2842,427,2,,2014-06-17T00:00:00.000
2843,424,2,,2014-06-17T00:00:00.000
2845,310,2,,2014-06-17T00:00:00.000
2846,412,2,,2014-06-17T00:00:00.000
2847,411,2,,2014-06-17T00:00:00.000
2848,370,2,,2014-06-17T00:00:00.000
2849,435,2,,2014-06-17T00:00:00.000
2850,414,1,,2014-06-17T00:00:00.000
2851,415,1,,2014-06-17T00:00:00.000
2852,412,2,,2014-06-17T00:00:00.000
2853,416,2,,2014-06-17T00:00:00.000
2854,434,2,,2014-06-17T00:00:00.000
2855,436,2,,2014-06-17T00:00:00.000
2856,427,2,,2014-06-17T00:00:00.000
2857,414,2,,2014-06-17T00:00:00.000
2858,412,2,,2014-06-17T00:00:00.000
2859,438,3,,2014-06-17T00:00:00.000
2860,158,2,,2014-06-17T00:00:00.000
2861,155,5,869,2014-06-17T00:00:00.000
2862,201,2,,2014-06-17T00:00:00.000
2863,155,2,,2014-06-17T00:00:00.000
2864,372,2,,2014-06-17T00:00:00.000
2866,113,2,,2014-06-17T00:00:00.000
2867,122,2,,2014-06-17T00:00:00.000
2868,102,2,,2014-06-17T00:00:00.000
2869,111,2,,2014-06-17T00:00:00.000
2870,437,2,,2014-06-17T00:00:00.000
2871,412,2,,2014-06-17T00:00:00.000
2872,438,3,,2014-06-17T00:00:00.000
2873,424,2,,2014-06-17T00:00:00.000
2874,436,2,,2014-06-17T00:00:00.000
2875,406,2,,2014-06-17T00:00:00.000
2876,408,2,,2014-06-17T00:00:00.000
2877,440,2,,2014-06-17T00:00:00.000
2879,316,2,,2014-06-17T00:00:00.000
2880,440,2,,2014-06-17T00:00:00.000
2881,442,2,,2014-06-17T00:00:00.000
2882,418,2,,2014-06-17T00:00:00.000
2883,420,2,,2014-06-17T00:00:00.000
2884,441,2,,2014-06-17T00:00:00.000
2885,442,2,,2014-06-17T00:00:00.000
2886,418,2,,2014-06-17T00:00:00.000
2887,415,2,,2014-06-17T00:00:00.000
2888,217,2,,2014-06-17T00:00:00.000
2889,441,2,,2014-06-17T00:00:00.000
2890,442,2,,2014-06-17T00:00:00.000
2891,416,2,,2014-06-17T00:00:00.000
2892,412,2,,2014-06-17T00:00:00.000
2893,439,2,,2014-06-17T00:00:00.000
2894,420,2,,2014-06-17T00:00:00.000
2895,442,2,,2014-06-17T00:00:00.000
2896,439,2,,2014-06-17T00:00:00.000
2897,299,2,,2014-06-17T00:00:00.000
2898,315,2,,2014-06-17T00:00:00.000
2899,304,2,,2014-06-17T00:00:00.000
2900,304,2,,2014-06-17T00:00:00.000
2901,443,2,,2014-06-17T00:00:00.000
2902,373,2,,2014-06-17T00:00:00.000
2903,412,2,,2014-06-17T00:00:00.000
2904,439,2,,2014-06-17T00:00:00.000
2905,416,2,,2014-06-17T00:00:00.000
2906,443,2,,2014-06-17T00:00:00.000
2907,446,2,,2014-06-17T00:00:00.000
2908,41,3,,2014-06-17T00:00:00.000
2909,438,3,,2014-06-18T00:00:00.000
2910,442,2,,2014-06-18T00:00:00.000
2911,436,2,,2014-06-18T00:00:00.000
2912,447,2,,2014-06-18T00:00:00.000
2913,447,2,,2014-06-18T00:00:00.000
2914,447,2,,2014-06-18T00:00:00.000
2915,440,2,,2014-06-18T00:00:00.000
2916,434,2,,2014-06-18T00:00:00.000
2917,436,2,,2014-06-18T00:00:00.000
2918,434,2,,2014-06-18T00:00:00.000
2919,436,2,,2014-06-18T00:00:00.000
2920,441,2,,2014-06-18T00:00:00.000
2921,440,2,,2014-06-18T00:00:00.000
2922,424,2,,2014-06-18T00:00:00.000
2923,155,5,935,2014-06-18T00:00:00.000
2924,14,2,,2014-06-18T00:00:00.000
2925,29,2,,2014-06-18T00:00:00.000
2926,164,2,,2014-06-18T00:00:00.000
2927,334,2,,2014-06-18T00:00:00.000
2928,444,2,,2014-06-18T00:00:00.000
2929,444,1,,2014-06-18T00:00:00.000
2930,438,10,,2014-06-18T00:00:00.000
2931,449,2,,2014-06-18T00:00:00.000
2932,449,1,,2014-06-18T00:00:00.000
2933,449,2,,2014-06-18T00:00:00.000
2934,440,2,,2014-06-18T00:00:00.000
2935,424,5,227,2014-06-18T00:00:00.000
2936,370,16,,2014-06-18T00:00:00.000
2937,403,16,,2014-06-18T00:00:00.000
2938,296,2,,2014-06-18T00:00:00.000
2939,1,2,,2014-06-18T00:00:00.000
2940,4,2,,2014-06-18T00:00:00.000
2941,441,2,,2014-06-18T00:00:00.000
2942,3,2,,2014-06-18T00:00:00.000
2943,6,2,,2014-06-18T00:00:00.000
2944,450,2,,2014-06-18T00:00:00.000
2945,450,2,,2014-06-18T00:00:00.000
2946,427,3,,2014-06-18T00:00:00.000
2947,304,2,,2014-06-18T00:00:00.000
2948,315,2,,2014-06-18T00:00:00.000
2949,449,2,,2014-06-18T00:00:00.000
2950,454,2,,2014-06-18T00:00:00.000
2951,453,2,,2014-06-18T00:00:00.000
2952,454,2,,2014-06-18T00:00:00.000
2953,442,2,,2014-06-18T00:00:00.000
2954,454,2,,2014-06-18T00:00:00.000
2955,313,5,961,2014-06-18T00:00:00.000
2956,454,2,,2014-06-18T00:00:00.000
2957,441,2,,2014-06-18T00:00:00.000
2958,449,2,,2014-06-18T00:00:00.000
2959,412,2,,2014-06-18T00:00:00.000
2960,456,2,,2014-06-18T00:00:00.000
2961,447,2,,2014-06-18T00:00:00.000
2962,457,2,,2014-06-18T00:00:00.000
2963,451,2,,2014-06-18T00:00:00.000
2964,457,2,,2014-06-18T00:00:00.000
2965,457,2,,2014-06-18T00:00:00.000
2966,457,1,,2014-06-18T00:00:00.000
2967,455,3,,2014-06-18T00:00:00.000
2968,430,5,973,2014-06-18T00:00:00.000
2969,452,2,,2014-06-18T00:00:00.000
2970,406,5,723,2014-06-18T00:00:00.000
2971,412,5,569,2014-06-18T00:00:00.000
2972,459,2,,2014-06-18T00:00:00.000
2973,459,1,,2014-06-18T00:00:00.000
2974,311,2,,2014-06-18T00:00:00.000
2975,310,2,,2014-06-18T00:00:00.000
2976,457,2,,2014-06-18T00:00:00.000
2977,29,2,,2014-06-18T00:00:00.000
2978,447,2,,2014-06-18T00:00:00.000
2979,451,2,,2014-06-18T00:00:00.000
2980,459,2,,2014-06-18T00:00:00.000
2981,458,2,,2014-06-18T00:00:00.000
2982,461,2,,2014-06-18T00:00:00.000
2983,463,2,,2014-06-18T00:00:00.000
2984,352,2,,2014-06-18T00:00:00.000
2986,406,5,386,2014-06-18T00:00:00.000
2987,460,2,,2014-06-18T00:00:00.000
2988,462,2,,2014-06-18T00:00:00.000
2989,369,2,,2014-06-19T00:00:00.000
2990,465,2,,2014-06-19T00:00:00.000
2991,462,2,,2014-06-19T00:00:00.000
2992,464,2,,2014-06-19T00:00:00.000
2993,412,2,,2014-06-19T00:00:00.000
2994,91,2,,2014-06-19T00:00:00.000
2995,382,2,,2014-06-19T00:00:00.000
2996,382,5,88,2014-06-19T00:00:00.000
2997,424,16,,2014-06-19T00:00:00.000
2998,440,1,,2014-06-19T00:00:00.000
2999,468,2,,2014-06-19T00:00:00.000